mode,condition,item,aligner,n_seqs,n_cols,sp,tc,score_scope,rel_auc,pos_rate,acc_all,acc_retained,acc_retained_random,acc_retained_gap,mask_z,n_masked,rf_full,rf_masked,secs
reference,BB11001.xml,ref,CRAIC built-in (progressive),4,87,0.8251,0.6932,all-columns,0.828,0.7471,0.8065,0.8914,0.8072,0.8914,4.0982,21,,,0.09
reference,BB11001.xml,ref,MAFFT,4,88,0.8683,0.7159,all-columns,0.877,0.7955,0.875,0.9256,0.8758,0.9026,2.8166,23,,,0.18
reference,BB11001.xml,ref,MUSCLE,4,88,0.9012,0.7841,all-columns,0.7511,0.8636,0.892,0.9265,0.8924,0.9191,2.2321,20,,,0.01
reference,BB11001.xml,ref,Clustal Omega,4,88,0.9074,0.8068,all-columns,0.7817,0.8295,0.9148,0.925,0.9138,0.875,0.7636,28,,,0.01
reference,BB11001.xml,ref,ProbCons,4,88,0.9012,0.7841,all-columns,0.7511,0.8636,0.892,0.9265,0.8924,0.9191,2.2321,20,,,0.01
reference,BB11002.xml,ref,CRAIC built-in (progressive),8,114,0.4198,0.0,all-columns,0.6396,0.0263,0.312,0.6658,0.308,0.6633,4.3807,100,,,0.23
reference,BB11002.xml,ref,MAFFT,8,121,0.4762,0.0,all-columns,0.5614,0.0579,0.344,0.6723,0.3316,0.6345,4.85,104,,,0.17
reference,BB11002.xml,ref,MUSCLE,8,106,0.4645,0.0124,all-columns,0.4987,0.0755,0.3748,0.551,0.3688,0.4592,1.5678,99,,,0.05
reference,BB11002.xml,ref,Clustal Omega,8,133,0.4556,0.0062,all-columns,0.5344,0.0376,0.3562,0.6888,0.3567,0.5655,6.073,105,,,0.02
reference,BB11002.xml,ref,ProbCons,8,107,0.4656,0.0124,all-columns,0.4987,0.0748,0.3728,0.5476,0.354,0.5238,1.7027,98,,,0.06
reference,BB11003.xml,ref,CRAIC built-in (progressive),4,480,0.5415,0.3129,all-columns,0.8898,0.3646,0.516,0.8187,0.5155,0.6589,12.4644,309,,,1.26
reference,BB11003.xml,ref,MAFFT,4,497,0.6594,0.3967,all-columns,0.7936,0.4427,0.6013,0.8115,0.5998,0.6715,11.1424,291,,,0.23
reference,BB11003.xml,ref,MUSCLE,4,493,0.6304,0.3845,all-columns,0.786,0.4909,0.6234,0.8449,0.6225,0.6675,10.0369,292,,,0.17
reference,BB11003.xml,ref,Clustal Omega,4,505,0.5902,0.3354,all-columns,0.8418,0.396,0.5594,0.8446,0.5571,0.6208,11.8886,327,,,0.06
reference,BB11003.xml,ref,ProbCons,4,488,0.6353,0.3885,all-columns,0.7684,0.5041,0.6387,0.8419,0.6407,0.6709,8.5505,293,,,0.27
reference,BB11004.xml,ref,CRAIC built-in (progressive),4,427,0.6008,0.3482,all-columns,0.8215,0.4309,0.557,0.914,0.5584,0.672,10.8856,303,,,1.0
reference,BB11004.xml,ref,MAFFT,4,435,0.6087,0.3624,all-columns,0.8166,0.4138,0.5414,0.8607,0.5415,0.694,9.7227,307,,,0.25
reference,BB11004.xml,ref,MUSCLE,4,446,0.6072,0.3388,all-columns,0.8178,0.4596,0.5837,0.9384,0.5839,0.7325,10.7274,327,,,0.15
reference,BB11004.xml,ref,Clustal Omega,4,470,0.5064,0.3129,all-columns,0.877,0.3957,0.4745,0.9576,0.4784,0.6652,12.4398,356,,,0.06
reference,BB11004.xml,ref,ProbCons,4,442,0.6062,0.3388,all-columns,0.8363,0.4412,0.5758,0.9395,0.5751,0.7434,12.1194,329,,,0.22
reference,BB11005.xml,ref,CRAIC built-in (progressive),14,510,0.3599,0.0367,all-columns,0.8174,0.0922,0.3356,0.5082,0.3147,0.1923,1.3922,506,,,12.97
reference,BB11005.xml,ref,MAFFT,14,545,0.4642,0.0637,all-columns,0.8243,0.1083,0.3916,0.4889,0.3929,0.737,1.2177,530,,,1.34
reference,BB11005.xml,ref,MUSCLE,14,514,0.4628,0.0598,all-columns,0.6946,0.1304,0.4223,0.5165,0.4434,0.0989,0.3207,512,,,1.68
reference,BB11005.xml,ref,Clustal Omega,14,557,0.381,0.0598,all-columns,0.8976,0.0808,0.328,1.0,0.3084,0.2527,5.4475,553,,,0.48
reference,BB11005.xml,ref,ProbCons,14,569,0.3785,0.0695,all-columns,0.7731,0.181,0.4056,0.8619,0.4021,0.259,3.6238,562,,,2.85
reference,BB11006.xml,ref,CRAIC built-in (progressive),8,301,0.3348,0.0719,all-columns,0.7675,0.186,0.3537,0.753,0.3435,0.1399,3.9702,289,,,1.28
reference,BB11006.xml,ref,MAFFT,8,341,0.349,0.1678,all-columns,0.8978,0.261,0.3244,0.8947,0.3191,0.7218,8.8654,303,,,0.39
reference,BB11006.xml,ref,MUSCLE,8,310,0.381,0.113,all-columns,0.8153,0.1323,0.3201,0.4142,0.315,0.1335,1.1755,291,,,0.21
reference,BB11006.xml,ref,Clustal Omega,8,376,0.3348,0.113,all-columns,0.9048,0.2048,0.3215,0.7273,0.3194,0.5308,5.1292,354,,,0.08
reference,BB11006.xml,ref,ProbCons,8,322,0.396,0.1404,all-columns,0.8326,0.1584,0.3156,0.4484,0.3256,0.0913,1.0436,313,,,0.35
reference,BB11007.xml,ref,CRAIC built-in (progressive),9,468,0.6467,0.3581,all-columns,0.8246,0.4145,0.6289,0.9028,0.6289,0.7896,7.5579,400,,,5.22
reference,BB11007.xml,ref,MAFFT,9,499,0.682,0.3686,all-columns,0.9172,0.4248,0.665,0.9653,0.6663,0.9032,13.4598,338,,,0.45
reference,BB11007.xml,ref,MUSCLE,9,490,0.6777,0.4025,all-columns,0.8443,0.4592,0.6441,0.9292,0.6429,0.8851,8.851,388,,,0.64
reference,BB11007.xml,ref,Clustal Omega,9,523,0.5953,0.2797,all-columns,0.9146,0.3059,0.5476,0.9233,0.5494,0.8135,13.8271,377,,,0.19
reference,BB11007.xml,ref,ProbCons,9,486,0.6752,0.3729,all-columns,0.8672,0.4403,0.659,0.9479,0.6584,0.8701,8.0061,390,,,1.1
reference,BB11008.xml,ref,CRAIC built-in (progressive),4,434,0.2821,0.0628,all-columns,0.8647,0.1014,0.1448,0.2908,0.1427,0.4344,5.9563,340,,,0.51
reference,BB11008.xml,ref,MAFFT,4,449,0.2642,0.0606,all-columns,0.8786,0.0802,0.1132,0.2273,0.1157,0.4217,3.9427,383,,,0.18
reference,BB11008.xml,ref,MUSCLE,4,456,0.3263,0.0779,all-columns,0.8355,0.136,0.1656,0.3367,0.1663,0.495,5.7696,356,,,0.11
reference,BB11008.xml,ref,Clustal Omega,4,437,0.2263,0.0368,all-columns,0.8649,0.0686,0.1102,0.3056,0.1103,0.413,7.1844,347,,,0.05
reference,BB11008.xml,ref,ProbCons,4,455,0.3263,0.0823,all-columns,0.8171,0.1341,0.1608,0.3176,0.1631,0.4733,5.2682,349,,,0.12
reference,BB11009.xml,ref,CRAIC built-in (progressive),4,101,0.6135,0.4286,all-columns,0.7363,0.4851,0.5842,0.7152,0.5865,0.697,3.418,46,,,0.24
reference,BB11009.xml,ref,MAFFT,4,304,0.2739,0.0,all-columns,0.7938,0.1316,0.1711,0.2453,0.1713,0.2228,4.7121,111,,,0.16
reference,BB11009.xml,ref,MUSCLE,4,102,0.6642,0.4667,all-columns,0.7305,0.5,0.6111,0.7222,0.6117,0.6863,2.7044,51,,,0.05
reference,BB11009.xml,ref,Clustal Omega,4,317,0.3152,0.0,all-columns,0.651,0.142,0.1909,0.2342,0.1903,0.2676,2.6656,132,,,0.02
reference,BB11009.xml,ref,ProbCons,4,102,0.6548,0.4476,all-columns,0.7427,0.4902,0.6046,0.7115,0.6031,0.6731,2.6235,50,,,0.06
reference,BB11010.xml,ref,CRAIC built-in (progressive),4,504,0.3031,0.0951,all-columns,0.7043,0.1329,0.3039,0.3886,0.3034,0.1406,4.332,338,,,1.28
reference,BB11010.xml,ref,MAFFT,4,532,0.2918,0.099,all-columns,0.7218,0.1429,0.2979,0.4317,0.2937,0.1557,6.7545,349,,,0.29
reference,BB11010.xml,ref,MUSCLE,4,506,0.319,0.1204,all-columns,0.6638,0.1561,0.3146,0.3535,0.3138,0.1711,1.7639,357,,,0.2
reference,BB11010.xml,ref,Clustal Omega,4,531,0.2871,0.1282,all-columns,0.7385,0.1488,0.269,0.4531,0.2669,0.1519,7.3868,396,,,0.08
reference,BB11010.xml,ref,ProbCons,4,506,0.3148,0.1204,all-columns,0.6644,0.1581,0.3126,0.3543,0.3131,0.1688,1.7755,347,,,0.25
reference,BB11011.xml,ref,CRAIC built-in (progressive),5,215,0.3479,0.1498,all-columns,0.7879,0.2233,0.3264,0.0,0.3342,0.1,-1.4255,212,,,0.33
reference,BB11011.xml,ref,MAFFT,5,263,0.2542,0.1101,all-columns,0.9667,0.1065,0.2144,0.4444,0.2301,0.1,1.182,260,,,0.18
reference,BB11011.xml,ref,MUSCLE,5,222,0.3263,0.1101,all-columns,0.8351,0.1892,0.3089,0.0833,0.3162,0.1,-1.2398,218,,,0.07
reference,BB11011.xml,ref,Clustal Omega,5,277,0.1986,0.0749,all-columns,0.8479,0.1877,0.2508,0.3333,0.2208,0.1,0.3025,276,,,0.03
reference,BB11011.xml,ref,ProbCons,5,213,0.3165,0.0793,all-columns,0.7599,0.1596,0.3105,0.0,0.3265,0.1,-1.3581,211,,,0.09
reference,BB11012.xml,ref,CRAIC built-in (progressive),4,382,0.8882,0.7364,all-columns,0.9414,0.7958,0.8551,0.9204,0.8551,0.8899,10.6934,49,,,0.67
reference,BB11012.xml,ref,MAFFT,4,382,0.8602,0.7028,all-columns,0.962,0.7644,0.8268,0.9384,0.8271,0.8901,14.2657,68,,,0.17
reference,BB11012.xml,ref,MUSCLE,4,379,0.9016,0.7597,all-columns,0.9231,0.81,0.8646,0.9297,0.8641,0.9031,11.1956,59,,,0.1
reference,BB11012.xml,ref,Clustal Omega,4,403,0.8437,0.7106,all-columns,0.9332,0.7543,0.811,0.927,0.8117,0.8968,12.983,88,,,0.04
reference,BB11012.xml,ref,ProbCons,4,379,0.9011,0.7597,all-columns,0.9187,0.8074,0.8632,0.9268,0.8631,0.9039,9.6553,58,,,0.16
reference,BB11013.xml,ref,CRAIC built-in (progressive),5,81,0.0986,0.0,all-columns,,0.0,0.0938,0.05,0.0929,0.0,-1.1657,77,,,0.05
reference,BB11013.xml,ref,MAFFT,5,96,0.0896,0.0,all-columns,,0.0,0.0535,0.0,0.0533,0.3429,-1.7766,82,,,0.16
reference,BB11013.xml,ref,MUSCLE,5,81,0.1631,0.0,all-columns,,0.0,0.1239,0.1,0.1418,0.0,-0.3408,80,,,0.01
reference,BB11013.xml,ref,Clustal Omega,5,105,0.0484,0.0,all-columns,0.4346,0.0286,0.0676,0.0,0.0602,0.0,-0.8722,100,,,0.01
reference,BB11013.xml,ref,ProbCons,5,79,0.138,0.0,all-columns,,0.0,0.1097,0.1,0.0988,0.0,0.009,78,,,0.02
reference,BB11014.xml,ref,CRAIC built-in (progressive),6,555,0.7561,0.5439,all-columns,0.8784,0.5928,0.7131,0.918,0.7126,0.8285,14.629,260,,,3.74
reference,BB11014.xml,ref,MAFFT,6,581,0.753,0.5368,all-columns,0.8866,0.5645,0.6896,0.9041,0.6906,0.8039,13.7885,271,,,0.38
reference,BB11014.xml,ref,MUSCLE,6,563,0.7683,0.5579,all-columns,0.8784,0.6004,0.7167,0.9118,0.7167,0.8389,12.9327,260,,,0.47
reference,BB11014.xml,ref,Clustal Omega,6,586,0.7414,0.5228,all-columns,0.9019,0.5324,0.6713,0.9141,0.6707,0.7925,15.0311,283,,,0.2
reference,BB11014.xml,ref,ProbCons,6,559,0.757,0.5281,all-columns,0.8946,0.5832,0.7141,0.9276,0.715,0.8303,13.7223,291,,,0.72
reference,BB11015.xml,ref,CRAIC built-in (progressive),4,309,0.6884,0.4652,all-columns,0.8377,0.5146,0.6834,0.8745,0.6843,0.6937,10.2271,155,,,0.48
reference,BB11015.xml,ref,MAFFT,4,311,0.6781,0.4715,all-columns,0.8532,0.5048,0.6699,0.9098,0.6692,0.6781,10.1639,165,,,0.17
reference,BB11015.xml,ref,MUSCLE,4,308,0.6935,0.4968,all-columns,0.8234,0.539,0.6867,0.8932,0.6851,0.7244,10.5437,155,,,0.08
reference,BB11015.xml,ref,Clustal Omega,4,326,0.7067,0.5063,all-columns,0.7684,0.6012,0.7209,0.8927,0.718,0.7208,8.4707,166,,,0.03
reference,BB11015.xml,ref,ProbCons,4,308,0.6918,0.4968,all-columns,0.8308,0.5357,0.684,0.8932,0.6826,0.7244,10.8526,155,,,0.12
reference,BB11016.xml,ref,CRAIC built-in (progressive),8,538,0.4129,0.0,all-columns,0.7026,0.0242,0.3459,0.7232,0.3568,0.1012,4.7452,526,,,5.03
reference,BB11016.xml,ref,MAFFT,8,583,0.5523,0.1603,all-columns,0.7844,0.2624,0.46,0.8696,0.4589,0.7593,6.8812,537,,,0.67
reference,BB11016.xml,ref,MUSCLE,8,548,0.4766,0.0679,all-columns,0.7446,0.1369,0.429,0.7175,0.4289,0.704,5.5335,503,,,0.69
reference,BB11016.xml,ref,Clustal Omega,8,596,0.5086,0.1603,all-columns,0.8157,0.2265,0.4169,0.7583,0.4153,0.755,6.2734,553,,,0.16
reference,BB11016.xml,ref,ProbCons,8,554,0.4439,0.0226,all-columns,0.8611,0.1282,0.4102,0.7721,0.4087,0.4711,9.8438,491,,,1.21
reference,BB11017.xml,ref,CRAIC built-in (progressive),4,258,0.7526,0.5846,all-columns,0.911,0.6202,0.6796,0.8929,0.6803,0.7294,9.8363,104,,,0.32
reference,BB11017.xml,ref,MAFFT,4,260,0.728,0.5231,all-columns,0.9359,0.55,0.6615,0.8889,0.661,0.804,11.5902,101,,,0.16
reference,BB11017.xml,ref,MUSCLE,4,255,0.7355,0.5269,all-columns,0.9027,0.5961,0.7033,0.9189,0.7045,0.7601,10.8072,107,,,0.06
reference,BB11017.xml,ref,Clustal Omega,4,266,0.7481,0.5654,all-columns,0.879,0.6278,0.7162,0.8996,0.7177,0.7888,9.5827,105,,,0.03
reference,BB11017.xml,ref,ProbCons,4,260,0.6371,0.4231,all-columns,0.9167,0.4923,0.6147,0.8862,0.6122,0.6802,10.6923,137,,,0.09
reference,BB11018.xml,ref,CRAIC built-in (progressive),14,853,0.4974,0.1277,all-columns,0.8577,0.1465,0.3261,0.9491,0.3276,0.3569,7.1543,834,,,27.99
reference,BB11018.xml,ref,MAFFT,14,931,0.5328,0.1436,all-columns,0.8682,0.1794,0.3541,0.8502,0.3548,0.5696,13.5303,824,,,2.24
reference,BB11018.xml,ref,MUSCLE,14,823,0.5311,0.1119,all-columns,0.8699,0.1458,0.34,0.8275,0.3458,0.5707,8.8491,777,,,2.83
reference,BB11018.xml,ref,Clustal Omega,14,935,0.4153,0.1107,all-columns,0.9359,0.1337,0.2853,0.9504,0.2854,0.7783,19.2952,843,,,1.13
reference,BB11018.xml,ref,ProbCons,14,925,0.4983,0.1192,all-columns,0.8915,0.1503,0.3141,0.814,0.3148,0.642,8.4901,882,,,5.51
reference,BB11019.xml,ref,CRAIC built-in (progressive),10,393,0.6381,0.1506,all-columns,0.7119,0.2316,0.5926,0.7774,0.5801,0.7714,2.2425,379,,,11.28
reference,BB11019.xml,ref,MAFFT,10,426,0.6509,0.1506,all-columns,0.8398,0.2207,0.5805,0.829,0.5798,0.6689,8.9274,318,,,0.45
reference,BB11019.xml,ref,MUSCLE,10,384,0.6813,0.1457,all-columns,0.7406,0.2344,0.6477,0.9,0.6455,0.6389,5.6705,340,,,0.57
reference,BB11019.xml,ref,Clustal Omega,10,437,0.5558,0.1062,all-columns,0.8048,0.1648,0.4929,0.7885,0.4936,0.6655,8.711,343,,,0.23
reference,BB11019.xml,ref,ProbCons,10,390,0.6365,0.1309,all-columns,0.789,0.2231,0.6093,0.8605,0.6048,0.5111,4.2907,364,,,1.01
reference,BB11020.xml,ref,CRAIC built-in (progressive),9,256,0.6113,0.3205,all-columns,0.7978,0.4102,0.5655,0.9306,0.5595,0.7021,6.8062,216,,,7.93
reference,BB11020.xml,ref,MAFFT,9,270,0.6647,0.278,all-columns,0.8024,0.4222,0.6365,0.8703,0.6369,0.8592,5.2488,212,,,0.23
reference,BB11020.xml,ref,MUSCLE,9,252,0.6494,0.2085,all-columns,0.7546,0.3016,0.6144,0.9158,0.613,0.7348,5.5522,219,,,0.18
reference,BB11020.xml,ref,Clustal Omega,9,266,0.5579,0.1429,all-columns,0.9095,0.1992,0.507,0.8873,0.5078,0.7062,8.7615,214,,,0.07
reference,BB11020.xml,ref,ProbCons,9,257,0.627,0.2162,all-columns,0.8574,0.2996,0.5691,0.9571,0.5702,0.7189,6.8395,224,,,0.32
reference,BB11021.xml,ref,CRAIC built-in (progressive),4,113,0.62,0.3729,all-columns,0.6995,0.4159,0.5192,0.6765,0.5237,0.8284,2.5462,79,,,0.43
reference,BB11021.xml,ref,MAFFT,4,119,0.6091,0.3559,all-columns,0.8542,0.4202,0.5364,0.7879,0.5377,0.8485,3.9646,86,,,0.16
reference,BB11021.xml,ref,MUSCLE,4,119,0.6418,0.3983,all-columns,0.7116,0.4202,0.5294,0.7206,0.5309,0.8775,2.8633,85,,,0.04
reference,BB11021.xml,ref,Clustal Omega,4,134,0.46,0.2627,all-columns,0.8718,0.2537,0.347,0.5675,0.3499,0.6032,4.2152,92,,,0.01
reference,BB11021.xml,ref,ProbCons,4,119,0.6327,0.3898,all-columns,0.7084,0.4202,0.5266,0.7027,0.532,0.8063,2.8941,82,,,0.02
reference,BB11022.xml,ref,CRAIC built-in (progressive),4,141,0.1065,0.0,all-columns,,0.0,0.078,0.0,0.0793,0.0667,-2.4246,126,,,0.38
reference,BB11022.xml,ref,MAFFT,4,146,0.0857,0.0,all-columns,,0.0,0.0582,0.0,0.0562,0.0,-1.2804,139,,,0.16
reference,BB11022.xml,ref,MUSCLE,4,156,0.1325,0.0,all-columns,0.0702,0.141,0.1859,0.0,0.1854,0.1083,-2.4188,136,,,0.03
reference,BB11022.xml,ref,Clustal Omega,4,137,0.1377,0.0,all-columns,0.2727,0.0365,0.1423,1.0,0.12,0.0,4.5988,136,,,0.01
reference,BB11022.xml,ref,ProbCons,4,155,0.1299,0.0,all-columns,0.0482,0.1419,0.186,0.0,0.1918,0.1032,-2.6602,134,,,0.02
reference,BB11023.xml,ref,CRAIC built-in (progressive),7,384,0.3579,0.0711,all-columns,0.7381,0.1432,0.3606,0.7672,0.3597,0.1481,5.5164,366,,,4.88
reference,BB11023.xml,ref,MAFFT,7,410,0.4538,0.1658,all-columns,0.7818,0.2244,0.4043,0.8203,0.41,0.5909,5.1504,388,,,0.33
reference,BB11023.xml,ref,MUSCLE,7,391,0.5079,0.1684,all-columns,0.7863,0.2327,0.4525,0.8955,0.4519,0.5929,7.1847,360,,,0.26
reference,BB11023.xml,ref,Clustal Omega,7,412,0.4753,0.1342,all-columns,0.8634,0.2184,0.4392,0.8605,0.4425,0.5488,7.9234,370,,,0.08
reference,BB11023.xml,ref,ProbCons,7,406,0.4958,0.1658,all-columns,0.753,0.2512,0.4582,0.8873,0.4571,0.6159,6.6578,376,,,0.41
reference,BB11024.xml,ref,CRAIC built-in (progressive),4,406,0.2934,0.0215,all-columns,0.7516,0.0714,0.2709,0.125,0.2798,0.125,-1.4506,398,,,1.17
reference,BB11024.xml,ref,MAFFT,4,437,0.3869,0.1077,all-columns,0.7749,0.1899,0.3776,0.8406,0.3778,0.3333,9.1742,391,,,0.2
reference,BB11024.xml,ref,MUSCLE,4,416,0.4933,0.2177,all-columns,0.7647,0.3197,0.494,0.8519,0.4933,0.4418,8.6905,353,,,0.13
reference,BB11024.xml,ref,Clustal Omega,4,469,0.3074,0.1148,all-columns,0.9079,0.2281,0.3461,0.9577,0.3412,0.209,13.7759,406,,,0.06
reference,BB11024.xml,ref,ProbCons,4,418,0.4776,0.2129,all-columns,0.7694,0.323,0.4868,0.8283,0.4829,0.4242,7.7112,352,,,0.18
reference,BB11025.xml,ref,CRAIC built-in (progressive),4,89,0.1296,0.0303,all-columns,0.3178,0.0337,0.1311,0.0,0.1389,0.0556,-1.6072,83,,,0.11
reference,BB11025.xml,ref,MAFFT,4,101,0.0926,0.0,all-columns,,0.0,0.071,0.0,0.0715,0.0,-1.75,95,,,0.17
reference,BB11025.xml,ref,MUSCLE,4,100,0.1349,0.0,all-columns,0.0306,0.02,0.125,0.0,0.1183,0.0,-0.7781,98,,,0.02
reference,BB11025.xml,ref,Clustal Omega,4,103,0.0899,0.0,all-columns,,0.0,0.0777,0.0,0.0708,0.1667,-1.6552,96,,,0.01
reference,BB11025.xml,ref,ProbCons,4,100,0.1455,0.0,all-columns,0.1719,0.04,0.14,0.0,0.1322,0.0,-1.0118,97,,,0.01
reference,BB11026.xml,ref,CRAIC built-in (progressive),7,205,0.2298,0.0,all-columns,,0.0,0.1041,0.2857,0.1035,0.2381,1.8403,203,,,1.99
reference,BB11026.xml,ref,MAFFT,7,361,0.2019,0.0,all-columns,0.9361,0.0028,0.0673,0.4,0.0717,0.1429,5.5625,353,,,0.28
reference,BB11026.xml,ref,MUSCLE,7,296,0.2514,0.0,all-columns,,0.0,0.0931,0.4247,0.0981,0.1429,6.1756,285,,,0.17
reference,BB11026.xml,ref,Clustal Omega,7,393,0.1371,0.0,all-columns,1.0,0.0076,0.0612,0.5244,0.0646,0.1444,12.2214,378,,,0.06
reference,BB11026.xml,ref,ProbCons,7,126,0.2775,0.0,all-columns,0.9708,0.0476,0.268,0.5075,0.269,0.1429,5.3383,103,,,0.19
reference,BB11027.xml,ref,CRAIC built-in (progressive),7,238,0.3514,0.0927,all-columns,0.98,0.1387,0.3347,0.815,0.331,0.3114,9.1121,212,,,3.24
reference,BB11027.xml,ref,MAFFT,7,275,0.4064,0.1129,all-columns,0.9657,0.1455,0.338,0.8981,0.3427,0.4087,10.0339,239,,,0.23
reference,BB11027.xml,ref,MUSCLE,7,266,0.4128,0.1089,all-columns,0.9669,0.1316,0.3543,0.8889,0.3544,0.446,9.7635,236,,,0.16
reference,BB11027.xml,ref,Clustal Omega,7,294,0.3378,0.0968,all-columns,0.9363,0.0918,0.295,0.7677,0.297,0.3016,9.7968,261,,,0.04
reference,BB11027.xml,ref,ProbCons,7,263,0.4117,0.1089,all-columns,0.9618,0.1331,0.3602,0.8644,0.3599,0.427,9.2901,233,,,0.18
reference,BB11028.xml,ref,CRAIC built-in (progressive),10,227,0.3321,0.0,all-columns,0.3933,0.0088,0.2349,0.0444,0.243,0.0444,-1.0474,225,,,5.96
reference,BB11028.xml,ref,MAFFT,10,227,0.4721,0.0,all-columns,0.324,0.0176,0.2673,0.1974,0.2862,0.5043,-0.9616,214,,,0.27
reference,BB11028.xml,ref,MUSCLE,10,218,0.4466,0.0,all-columns,0.2166,0.0046,0.2897,0.2109,0.2849,0.146,-0.6232,211,,,0.16
reference,BB11028.xml,ref,Clustal Omega,10,239,0.4508,0.0,all-columns,0.0819,0.0126,0.2544,0.1263,0.2444,0.7439,-1.7511,220,,,0.04
reference,BB11028.xml,ref,ProbCons,10,217,0.3576,0.0,all-columns,0.9583,0.0046,0.2473,0.237,0.2465,0.0444,-0.0645,214,,,0.23
reference,BB11029.xml,ref,CRAIC built-in (progressive),4,103,0.4771,0.3158,all-columns,0.7406,0.301,0.3706,0.5505,0.3786,0.5,2.8858,70,,,0.3
reference,BB11029.xml,ref,MAFFT,4,111,0.3965,0.1895,all-columns,0.9348,0.2072,0.3213,0.6111,0.3233,0.3434,5.1313,78,,,0.16
reference,BB11029.xml,ref,MUSCLE,4,107,0.4837,0.3053,all-columns,0.8065,0.2897,0.3738,0.6389,0.3756,0.5278,3.7897,77,,,0.01
reference,BB11029.xml,ref,Clustal Omega,4,111,0.451,0.2842,all-columns,0.7926,0.2703,0.3468,0.5575,0.3514,0.6264,2.9195,82,,,0.01
reference,BB11029.xml,ref,ProbCons,4,107,0.4837,0.3053,all-columns,0.8065,0.2897,0.3738,0.6389,0.3756,0.5278,3.7897,77,,,0.01
reference,BB11030.xml,ref,CRAIC built-in (progressive),14,435,0.3914,0.0141,all-columns,0.7843,0.0805,0.3328,0.0989,0.3621,0.022,-0.7377,434,,,23.24
reference,BB11030.xml,ref,MAFFT,14,448,0.6044,0.1788,all-columns,0.8398,0.2232,0.4048,0.8132,0.4209,0.1648,3.5391,435,,,0.69
reference,BB11030.xml,ref,MUSCLE,14,407,0.5714,0.1412,all-columns,0.7441,0.231,0.4604,0.5476,0.442,0.022,0.5734,403,,,0.98
reference,BB11030.xml,ref,Clustal Omega,14,485,0.5165,0.1153,all-columns,0.8657,0.1567,0.3525,0.6065,0.3543,0.694,3.1233,466,,,0.27
reference,BB11030.xml,ref,ProbCons,14,448,0.5478,0.0941,all-columns,0.8075,0.1473,0.4084,0.1706,0.4074,0.2564,-1.5398,442,,,1.55
reference,BB11031.xml,ref,CRAIC built-in (progressive),11,537,0.3331,0.0101,all-columns,0.8913,0.0261,0.22,0.0545,0.2134,0.0364,-0.5367,536,,,12.15
reference,BB11031.xml,ref,MAFFT,11,561,0.4404,0.0523,all-columns,0.8304,0.0642,0.2775,0.0939,0.2723,0.5496,-2.5746,539,,,1.11
reference,BB11031.xml,ref,MUSCLE,11,463,0.4946,0.0805,all-columns,0.8619,0.1361,0.368,0.6815,0.37,0.0364,1.5646,460,,,0.86
reference,BB11031.xml,ref,Clustal Omega,11,558,0.4114,0.0604,all-columns,0.9056,0.0986,0.2792,0.0,0.2846,1.0,-0.7541,557,,,0.28
reference,BB11031.xml,ref,ProbCons,11,485,0.469,0.0563,all-columns,0.7222,0.0887,0.3434,0.0545,0.2868,0.0364,-0.6754,484,,,1.43
reference,BB11032.xml,ref,CRAIC built-in (progressive),8,387,0.5734,0.1606,all-columns,0.8583,0.2661,0.4313,0.7838,0.4279,0.6129,5.6148,350,,,4.19
reference,BB11032.xml,ref,MAFFT,8,391,0.6153,0.1776,all-columns,0.9302,0.2481,0.432,0.8626,0.4345,0.7275,10.2804,326,,,0.33
reference,BB11032.xml,ref,MUSCLE,8,386,0.6881,0.2068,all-columns,0.8955,0.2435,0.4499,0.678,0.4529,0.6132,4.8492,327,,,0.27
reference,BB11032.xml,ref,Clustal Omega,8,440,0.5691,0.1727,all-columns,0.9033,0.1909,0.3524,0.7744,0.3523,0.6185,9.3707,380,,,0.1
reference,BB11032.xml,ref,ProbCons,8,384,0.6839,0.2044,all-columns,0.883,0.2578,0.4563,0.704,0.4583,0.6299,5.0174,318,,,0.46
reference,BB11033.xml,ref,CRAIC built-in (progressive),11,239,0.2949,0.0296,all-columns,0.6952,0.0795,0.1877,0.3841,0.1952,0.2182,0.9439,237,,,10.38
reference,BB11033.xml,ref,MAFFT,11,221,0.3579,0.0296,all-columns,0.666,0.0633,0.2129,0.0,0.211,0.2,-1.5771,217,,,0.27
reference,BB11033.xml,ref,MUSCLE,11,244,0.3804,0.0,all-columns,0.6942,0.0082,0.2037,0.0,0.2046,0.1273,-1.4834,241,,,0.2
reference,BB11033.xml,ref,Clustal Omega,11,254,0.1832,0.0,all-columns,0.9237,0.0433,0.1706,0.8889,0.1782,0.1455,3.8396,252,,,0.04
reference,BB11033.xml,ref,ProbCons,11,165,0.3418,0.0333,all-columns,0.7871,0.0848,0.2822,0.0,0.2983,0.1273,-0.981,164,,,0.22
reference,BB11034.xml,ref,CRAIC built-in (progressive),8,554,0.4418,0.0,all-columns,0.7648,0.0614,0.3761,0.7321,0.3755,0.3414,7.2274,520,,,10.61
reference,BB11034.xml,ref,MAFFT,8,588,0.5634,0.2047,all-columns,0.7962,0.2891,0.4783,0.8668,0.4765,0.7163,7.5078,536,,,0.91
reference,BB11034.xml,ref,MUSCLE,8,558,0.4992,0.0761,all-columns,0.6934,0.1147,0.4197,0.6254,0.4233,0.8002,4.6086,511,,,0.77
reference,BB11034.xml,ref,Clustal Omega,8,613,0.4906,0.1134,all-columns,0.7941,0.1876,0.4212,0.85,0.4189,0.6052,7.4767,576,,,0.26
reference,BB11034.xml,ref,ProbCons,8,564,0.4641,0.0017,all-columns,0.7557,0.1082,0.409,0.689,0.4064,0.4538,5.8961,523,,,1.32
reference,BB11035.xml,ref,CRAIC built-in (progressive),5,110,0.4537,0.2424,all-columns,0.8538,0.2818,0.4133,0.7422,0.4133,0.5967,5.4792,80,,,0.51
reference,BB11035.xml,ref,MAFFT,5,106,0.472,0.3131,all-columns,0.7944,0.3302,0.4538,0.5667,0.453,0.5257,2.1398,71,,,0.17
reference,BB11035.xml,ref,MUSCLE,5,106,0.4915,0.2424,all-columns,0.7683,0.2453,0.4041,0.6119,0.4035,0.7,3.7816,78,,,0.02
reference,BB11035.xml,ref,Clustal Omega,5,123,0.4133,0.1818,all-columns,0.9003,0.3902,0.5247,0.8455,0.5312,0.2939,4.6515,90,,,0.01
reference,BB11035.xml,ref,ProbCons,5,104,0.4876,0.2424,all-columns,0.7929,0.25,0.4045,0.6667,0.4053,0.75,3.7141,80,,,0.02
reference,BB11036.xml,ref,CRAIC built-in (progressive),8,430,0.4927,0.1065,all-columns,0.8041,0.1651,0.4462,0.4286,0.454,0.1286,-0.1746,425,,,6.34
reference,BB11036.xml,ref,MAFFT,8,458,0.5388,0.1283,all-columns,0.8882,0.1878,0.447,0.8506,0.4433,0.688,7.6479,420,,,0.52
reference,BB11036.xml,ref,MUSCLE,8,418,0.5416,0.1174,all-columns,0.7929,0.189,0.4826,0.7381,0.4731,0.1429,2.5468,409,,,0.39
reference,BB11036.xml,ref,Clustal Omega,8,469,0.5194,0.1391,all-columns,0.824,0.1983,0.4475,0.8861,0.4534,0.8648,9.2516,427,,,0.21
reference,BB11036.xml,ref,ProbCons,8,410,0.5079,0.1152,all-columns,0.7206,0.2146,0.4869,nan,,,,410,,,0.61
reference,BB11037.xml,ref,CRAIC built-in (progressive),5,433,0.384,0.1556,all-columns,0.7897,0.1755,0.3217,0.9,0.317,0.4147,9.3543,399,,,3.19
reference,BB11037.xml,ref,MAFFT,5,417,0.3784,0.1633,all-columns,0.87,0.1823,0.3345,0.9111,0.3384,0.2222,10.0017,372,,,0.38
reference,BB11037.xml,ref,MUSCLE,5,413,0.4928,0.227,all-columns,0.7496,0.2446,0.4306,0.7745,0.429,0.4277,6.0926,366,,,0.39
reference,BB11037.xml,ref,Clustal Omega,5,448,0.4527,0.227,all-columns,0.8731,0.2723,0.4105,0.9467,0.4064,0.2911,9.8361,403,,,0.2
reference,BB11037.xml,ref,ProbCons,5,413,0.4922,0.2219,all-columns,0.7636,0.2446,0.4322,0.8222,0.4357,0.3956,6.6889,368,,,0.46
reference,BB11038.xml,ref,CRAIC built-in (progressive),8,472,0.6644,0.2184,all-columns,0.9272,0.2966,0.4402,0.9617,0.4399,0.7618,12.2472,375,,,6.74
reference,BB11038.xml,ref,MAFFT,8,521,0.6379,0.1743,all-columns,0.9596,0.2169,0.3819,0.9136,0.3803,0.8052,15.3006,409,,,0.52
reference,BB11038.xml,ref,MUSCLE,8,462,0.7345,0.2816,all-columns,0.8894,0.3615,0.4763,0.9488,0.4795,0.7316,12.4637,365,,,0.4
reference,BB11038.xml,ref,Clustal Omega,8,523,0.6726,0.2529,all-columns,0.9315,0.3021,0.4104,0.963,0.4063,0.7572,16.195,409,,,0.16
reference,BB11038.xml,ref,ProbCons,8,457,0.7309,0.2701,all-columns,0.8515,0.3435,0.4766,0.941,0.477,0.6831,11.0504,363,,,0.74
reference,BBS11001.xml,ref,CRAIC built-in (progressive),4,76,0.9934,0.9868,all-columns,1.0,0.9868,0.9934,0.9934,,,,0,,,0.03
reference,BBS11001.xml,ref,MAFFT,4,81,0.8289,0.75,all-columns,1.0,0.8519,0.893,0.9726,0.8933,0.8813,8.0465,8,,,0.13
reference,BBS11001.xml,ref,MUSCLE,4,76,0.9934,0.9868,all-columns,1.0,0.9868,0.9934,0.9934,,,,0,,,0.01
reference,BBS11001.xml,ref,Clustal Omega,4,76,0.9013,0.8026,all-columns,1.0,0.8421,0.9211,0.9211,,,,0,,,0.01
reference,BBS11001.xml,ref,ProbCons,4,76,0.9934,0.9868,all-columns,1.0,0.9868,0.9934,0.9934,,,,0,,,0.01
reference,BBS11002.xml,ref,CRAIC built-in (progressive),8,68,0.7888,0.3623,all-columns,0.7428,0.4559,0.7636,0.8659,0.7641,0.8232,3.507,27,,,0.09
reference,BBS11002.xml,ref,MAFFT,8,70,0.7175,0.2029,all-columns,0.8269,0.3714,0.6779,0.8869,0.6768,0.7355,6.7911,28,,,0.14
reference,BBS11002.xml,ref,MUSCLE,8,68,0.8129,0.3478,all-columns,0.6242,0.5735,0.8115,0.8721,0.8106,0.8314,2.2957,25,,,0.02
reference,BBS11002.xml,ref,Clustal Omega,8,70,0.7835,0.3043,all-columns,0.9727,0.5571,0.7749,0.9695,0.7794,0.8092,6.3471,29,,,0.01
reference,BBS11002.xml,ref,ProbCons,8,68,0.8175,0.3768,all-columns,0.6508,0.5735,0.8211,0.875,0.8187,0.8333,2.1873,26,,,0.03
reference,BBS11003.xml,ref,CRAIC built-in (progressive),4,446,0.7136,0.4698,all-columns,0.8573,0.5067,0.6865,0.8266,0.6859,0.7303,12.5874,150,,,1.39
reference,BBS11003.xml,ref,MAFFT,4,454,0.6848,0.4295,all-columns,0.8995,0.4934,0.6736,0.817,0.674,0.6667,12.5306,148,,,0.19
reference,BBS11003.xml,ref,MUSCLE,4,448,0.7185,0.4944,all-columns,0.8715,0.5402,0.6964,0.8449,0.6957,0.7178,13.2447,145,,,0.15
reference,BBS11003.xml,ref,Clustal Omega,4,458,0.5984,0.3669,all-columns,0.9109,0.417,0.5928,0.8458,0.5925,0.6278,14.6228,231,,,0.04
reference,BBS11003.xml,ref,ProbCons,4,443,0.7202,0.4922,all-columns,0.8719,0.5463,0.7092,0.8524,0.7092,0.7177,11.6208,146,,,0.24
reference,BBS11004.xml,ref,CRAIC built-in (progressive),4,384,0.6069,0.3708,all-columns,0.9224,0.4115,0.5569,0.9364,0.5528,0.6718,13.0798,253,,,1.06
reference,BBS11004.xml,ref,MAFFT,4,386,0.5484,0.2916,all-columns,0.8355,0.3627,0.5285,0.8385,0.5271,0.6654,10.8556,257,,,0.19
reference,BBS11004.xml,ref,MUSCLE,4,407,0.696,0.4783,all-columns,0.8154,0.5479,0.6572,0.9342,0.6573,0.7314,10.8591,255,,,0.12
reference,BBS11004.xml,ref,Clustal Omega,4,448,0.3788,0.1535,all-columns,0.8609,0.2835,0.385,0.7967,0.3818,0.3775,15.1099,316,,,0.05
reference,BBS11004.xml,ref,ProbCons,4,407,0.6945,0.4783,all-columns,0.8204,0.5455,0.6556,0.9342,0.6559,0.7292,10.9418,255,,,0.16
reference,BBS11005.xml,ref,CRAIC built-in (progressive),14,416,0.4595,0.0876,all-columns,0.8554,0.1442,0.4259,0.75,0.4388,1.0,2.0464,412,,,32.13
reference,BBS11005.xml,ref,MAFFT,14,434,0.5095,0.1363,all-columns,0.9059,0.1774,0.4321,0.931,0.4309,0.9525,8.2858,406,,,0.72
reference,BBS11005.xml,ref,MUSCLE,14,407,0.5315,0.1217,all-columns,0.8034,0.1794,0.4857,1.0,0.4676,1.0,3.5992,403,,,1.18
reference,BBS11005.xml,ref,Clustal Omega,14,428,0.3949,0.0803,all-columns,0.9346,0.1238,0.3655,0.9378,0.3612,0.3846,7.9737,413,,,0.4
reference,BBS11005.xml,ref,ProbCons,14,423,0.4941,0.1314,all-columns,0.8723,0.1939,0.4712,1.0,0.4732,1.0,3.4775,418,,,1.81
reference,BBS11006.xml,ref,CRAIC built-in (progressive),8,239,0.4775,0.1348,all-columns,0.7674,0.2259,0.4656,0.7,0.4603,0.625,2.1982,229,,,1.2
reference,BBS11006.xml,ref,MAFFT,8,288,0.4566,0.2174,all-columns,0.8487,0.2847,0.4214,0.8118,0.4273,0.7604,5.8365,257,,,0.33
reference,BBS11006.xml,ref,MUSCLE,8,237,0.5188,0.1913,all-columns,0.8606,0.2447,0.4761,0.9167,0.4725,0.5982,4.1978,225,,,0.15
reference,BBS11006.xml,ref,Clustal Omega,8,341,0.3152,0.1174,all-columns,0.9173,0.2903,0.3865,0.9444,0.3883,0.2649,8.356,305,,,0.05
reference,BBS11006.xml,ref,ProbCons,8,251,0.5314,0.1826,all-columns,0.8381,0.2151,0.4551,0.5789,0.4541,0.485,1.5993,232,,,0.25
reference,BBS11007.xml,ref,CRAIC built-in (progressive),9,435,0.7272,0.4487,all-columns,0.883,0.492,0.7117,0.9553,0.7145,0.9355,9.4517,317,,,5.93
reference,BBS11007.xml,ref,MAFFT,9,462,0.7028,0.4237,all-columns,0.9436,0.4827,0.6901,0.9839,0.6907,0.868,14.3028,285,,,0.62
reference,BBS11007.xml,ref,MUSCLE,9,449,0.7059,0.4169,all-columns,0.9042,0.4677,0.6904,0.9609,0.6906,0.9434,11.2037,321,,,0.55
reference,BBS11007.xml,ref,Clustal Omega,9,497,0.6087,0.3599,all-columns,0.9733,0.3883,0.5874,0.978,0.5888,0.9215,15.1425,343,,,0.24
reference,BBS11007.xml,ref,ProbCons,9,440,0.738,0.4351,all-columns,0.91,0.4659,0.697,0.9698,0.6994,0.9471,9.804,315,,,1.05
reference,BBS11008.xml,ref,CRAIC built-in (progressive),4,116,0.6295,0.4132,all-columns,0.7687,0.5086,0.625,0.9082,0.6223,0.3605,6.8947,67,,,0.07
reference,BBS11008.xml,ref,MAFFT,4,125,0.5918,0.3554,all-columns,0.8141,0.48,0.6093,0.8226,0.6078,0.5296,6.2128,63,,,0.17
reference,BBS11008.xml,ref,MUSCLE,4,115,0.6415,0.4215,all-columns,0.7648,0.5391,0.6536,0.9291,0.6512,0.344,7.037,68,,,0.02
reference,BBS11008.xml,ref,Clustal Omega,4,120,0.5592,0.3388,all-columns,0.9767,0.45,0.5528,0.9653,0.5505,0.3229,9.4494,72,,,0.01
reference,BBS11008.xml,ref,ProbCons,4,115,0.6106,0.3636,all-columns,0.862,0.4522,0.613,0.8333,0.6117,0.4263,5.5767,63,,,0.02
reference,BBS11009.xml,ref,CRAIC built-in (progressive),4,88,0.8004,0.6129,all-columns,0.9213,0.6477,0.7727,0.8032,0.7724,0.7751,3.5913,5,,,0.2
reference,BBS11009.xml,ref,MAFFT,4,88,0.7804,0.5806,all-columns,0.9477,0.625,0.7538,0.7892,0.7532,0.755,4.0575,5,,,0.16
reference,BBS11009.xml,ref,MUSCLE,4,92,0.8044,0.6344,all-columns,0.907,0.6413,0.7391,0.811,0.7386,0.7805,5.7978,10,,,0.02
reference,BBS11009.xml,ref,Clustal Omega,4,89,0.6747,0.4301,all-columns,0.9382,0.4719,0.6573,0.7402,0.6594,0.7255,4.162,21,,,0.01
reference,BBS11009.xml,ref,ProbCons,4,92,0.8044,0.6344,all-columns,0.907,0.6413,0.7391,0.811,0.7386,0.7805,5.7978,10,,,0.01
reference,BBS11010.xml,ref,CRAIC built-in (progressive),4,172,0.5885,0.3646,all-columns,0.8312,0.407,0.5397,0.8901,0.5332,0.3972,6.6877,125,,,0.61
reference,BBS11010.xml,ref,MAFFT,4,180,0.5434,0.2541,all-columns,0.7932,0.3222,0.513,0.9298,0.5109,0.3684,7.8959,142,,,0.17
reference,BBS11010.xml,ref,MUSCLE,4,172,0.6618,0.4033,all-columns,0.791,0.4651,0.6047,0.9487,0.6035,0.3803,6.0383,133,,,0.03
reference,BBS11010.xml,ref,Clustal Omega,4,193,0.5795,0.337,all-columns,0.8578,0.3938,0.5164,0.8333,0.5219,0.5667,5.9318,143,,,0.01
reference,BBS11010.xml,ref,ProbCons,4,172,0.6516,0.3978,all-columns,0.7991,0.4593,0.5959,0.953,0.596,0.3632,6.1833,133,,,0.05
reference,BBS11011.xml,ref,CRAIC built-in (progressive),5,205,0.4273,0.2098,all-columns,0.9029,0.2585,0.3673,0.881,0.3605,0.55,5.0613,191,,,0.83
reference,BBS11011.xml,ref,MAFFT,5,212,0.3883,0.1561,all-columns,0.86,0.1792,0.3201,0.9394,0.3234,0.9273,5.8984,201,,,0.17
reference,BBS11011.xml,ref,MUSCLE,5,204,0.3997,0.1561,all-columns,0.9575,0.2108,0.3605,0.9583,0.3482,0.4437,6.4154,188,,,0.04
reference,BBS11011.xml,ref,Clustal Omega,5,242,0.1608,0.0585,all-columns,0.983,0.1157,0.1802,1.0,0.1855,0.2913,12.2372,219,,,0.02
reference,BBS11011.xml,ref,ProbCons,5,197,0.3795,0.122,all-columns,0.9503,0.1878,0.3616,1.0,0.3466,0.44,5.3588,187,,,0.07
reference,BBS11012.xml,ref,CRAIC built-in (progressive),4,338,0.8986,0.7923,all-columns,0.9598,0.8225,0.8767,0.918,0.8769,0.902,10.44,25,,,0.87
reference,BBS11012.xml,ref,MAFFT,4,340,0.8869,0.7953,all-columns,0.9568,0.8088,0.8613,0.9186,0.8608,0.8941,11.359,33,,,0.19
reference,BBS11012.xml,ref,MUSCLE,4,335,0.9081,0.8101,all-columns,0.9267,0.8448,0.8945,0.9196,0.894,0.9137,7.3385,22,,,0.09
reference,BBS11012.xml,ref,Clustal Omega,4,341,0.8906,0.7982,all-columns,0.9385,0.8123,0.8675,0.9084,0.867,0.9009,9.1105,30,,,0.03
reference,BBS11012.xml,ref,ProbCons,4,335,0.9076,0.8101,all-columns,0.9287,0.8418,0.893,0.9175,0.8925,0.9143,7.2104,22,,,0.13
reference,BBS11013.xml,ref,CRAIC built-in (progressive),5,54,0.7679,0.4821,all-columns,0.8569,0.5556,0.7401,1.0,0.7348,0.7,2.527,46,,,0.03
reference,BBS11013.xml,ref,MAFFT,5,70,0.1151,0.0,all-columns,1.0,0.0571,0.1552,0.5,0.1423,0.075,4.3403,62,,,0.14
reference,BBS11013.xml,ref,MUSCLE,5,53,0.9127,0.7857,all-columns,0.8389,0.8491,0.8849,1.0,0.892,1.0,1.5688,41,,,0.02
reference,BBS11013.xml,ref,Clustal Omega,5,70,0.0417,0.0,all-columns,,0.0,0.0381,nan,,,,70,,,0.01
reference,BBS11013.xml,ref,ProbCons,5,53,0.9127,0.7857,all-columns,0.8389,0.8491,0.8849,1.0,0.892,1.0,1.5688,41,,,0.01
reference,BBS11014.xml,ref,CRAIC built-in (progressive),6,526,0.8006,0.6111,all-columns,0.8674,0.6635,0.7787,0.913,0.7783,0.8032,12.9358,192,,,5.05
reference,BBS11014.xml,ref,MAFFT,6,536,0.772,0.5722,all-columns,0.902,0.6063,0.7368,0.9033,0.7379,0.7796,15.246,183,,,0.34
reference,BBS11014.xml,ref,MUSCLE,6,525,0.7993,0.6,all-columns,0.8553,0.6514,0.7744,0.9046,0.7734,0.8156,10.7559,195,,,0.43
reference,BBS11014.xml,ref,Clustal Omega,6,543,0.7513,0.5389,all-columns,0.9162,0.5617,0.7062,0.9051,0.7054,0.7667,16.5173,213,,,0.17
reference,BBS11014.xml,ref,ProbCons,6,522,0.7869,0.5685,all-columns,0.8744,0.6494,0.7803,0.9094,0.7787,0.8327,10.5824,218,,,0.64
reference,BBS11015.xml,ref,CRAIC built-in (progressive),4,304,0.7701,0.5974,all-columns,0.8563,0.625,0.7549,0.9148,0.756,0.7738,9.3605,122,,,0.83
reference,BBS11015.xml,ref,MAFFT,4,308,0.74,0.5682,all-columns,0.8623,0.6006,0.7256,0.9143,0.7247,0.7759,10.7559,131,,,0.16
reference,BBS11015.xml,ref,MUSCLE,4,300,0.7325,0.5617,all-columns,0.8968,0.6067,0.7344,0.9339,0.7338,0.7682,12.3219,121,,,0.07
reference,BBS11015.xml,ref,Clustal Omega,4,318,0.7227,0.5422,all-columns,0.8093,0.6069,0.7238,0.8961,0.7236,0.7388,9.7749,140,,,0.03
reference,BBS11015.xml,ref,ProbCons,4,300,0.7308,0.5584,all-columns,0.8991,0.6033,0.7333,0.936,0.7313,0.7674,11.9681,123,,,0.12
reference,BBS11016.xml,ref,CRAIC built-in (progressive),8,359,0.6054,0.2545,all-columns,0.8544,0.3454,0.5845,0.9754,0.586,0.8563,7.4149,314,,,5.22
reference,BBS11016.xml,ref,MAFFT,8,379,0.6195,0.2701,all-columns,0.88,0.3298,0.5816,0.935,0.5777,0.7119,12.068,275,,,0.36
reference,BBS11016.xml,ref,MUSCLE,8,368,0.63,0.2623,all-columns,0.8928,0.3288,0.6039,0.9495,0.6023,0.7452,11.5444,278,,,0.31
reference,BBS11016.xml,ref,Clustal Omega,8,401,0.5927,0.2649,all-columns,0.9139,0.3292,0.5263,0.922,0.5264,0.7967,12.0159,300,,,0.12
reference,BBS11016.xml,ref,ProbCons,8,372,0.6372,0.2753,all-columns,0.8663,0.3522,0.5881,0.9581,0.593,0.8866,7.0224,326,,,0.5
reference,BBS11017.xml,ref,CRAIC built-in (progressive),4,241,0.8092,0.6475,all-columns,0.9251,0.6929,0.7773,0.9388,0.7787,0.8386,10.534,83,,,0.62
reference,BBS11017.xml,ref,MAFFT,4,244,0.7408,0.5697,all-columns,0.953,0.6148,0.7179,0.9313,0.7179,0.775,13.1819,84,,,0.17
reference,BBS11017.xml,ref,MUSCLE,4,243,0.7792,0.5984,all-columns,0.9673,0.6543,0.7483,0.926,0.7507,0.7663,11.4014,74,,,0.05
reference,BBS11017.xml,ref,Clustal Omega,4,248,0.7608,0.582,all-columns,0.912,0.629,0.7251,0.8798,0.7265,0.7742,9.0825,76,,,0.03
reference,BBS11017.xml,ref,ProbCons,4,241,0.6869,0.4877,all-columns,0.9675,0.5934,0.704,0.9878,0.7026,0.7154,11.6499,118,,,0.06
reference,BBS11018.xml,ref,CRAIC built-in (progressive),14,593,0.5402,0.1667,all-columns,0.87,0.2192,0.4139,0.9643,0.421,0.4674,7.9276,561,,,44.74
reference,BBS11018.xml,ref,MAFFT,14,664,0.5779,0.1812,all-columns,0.9267,0.2244,0.4234,0.8908,0.4272,0.5474,14.1285,553,,,1.48
reference,BBS11018.xml,ref,MUSCLE,14,581,0.6199,0.2184,all-columns,0.8614,0.2668,0.4837,0.9361,0.4844,0.6202,9.0499,519,,,1.59
reference,BBS11018.xml,ref,Clustal Omega,14,688,0.4621,0.1214,all-columns,0.9316,0.1846,0.3487,0.9391,0.3486,0.6717,16.606,600,,,0.67
reference,BBS11018.xml,ref,ProbCons,14,624,0.564,0.1699,all-columns,0.8814,0.2212,0.4254,0.9854,0.425,0.6975,10.2637,575,,,3.45
reference,BBS11019.xml,ref,CRAIC built-in (progressive),10,390,0.6644,0.1873,all-columns,0.739,0.2615,0.6022,0.9135,0.5944,0.7573,4.9668,364,,,8.39
reference,BBS11019.xml,ref,MAFFT,10,407,0.6623,0.1494,all-columns,0.8641,0.231,0.6038,0.8738,0.6062,0.6985,10.4544,291,,,0.4
reference,BBS11019.xml,ref,MUSCLE,10,380,0.6989,0.2076,all-columns,0.7295,0.2842,0.6531,0.9449,0.6533,0.6567,6.7746,331,,,0.53
reference,BBS11019.xml,ref,Clustal Omega,10,447,0.5071,0.0911,all-columns,0.823,0.1611,0.4762,0.8309,0.476,0.6256,12.1644,341,,,0.25
reference,BBS11019.xml,ref,ProbCons,10,384,0.6662,0.1722,all-columns,0.8365,0.2656,0.6323,0.9532,0.6322,0.5556,7.4499,342,,,1.05
reference,BBS11020.xml,ref,CRAIC built-in (progressive),9,228,0.6847,0.3744,all-columns,0.9472,0.4386,0.6416,0.9773,0.6497,0.8611,6.5149,184,,,8.71
reference,BBS11020.xml,ref,MAFFT,9,227,0.7302,0.3921,all-columns,0.7818,0.511,0.7143,0.9283,0.7136,0.8281,6.7429,148,,,0.19
reference,BBS11020.xml,ref,MUSCLE,9,223,0.7442,0.4097,all-columns,0.886,0.4709,0.6901,0.9756,0.6911,0.9122,6.3623,173,,,0.17
reference,BBS11020.xml,ref,Clustal Omega,9,238,0.5768,0.1366,all-columns,0.8951,0.2101,0.5344,0.8099,0.5319,0.6326,9.0951,149,,,0.07
reference,BBS11020.xml,ref,ProbCons,9,226,0.7196,0.4053,all-columns,0.8808,0.4646,0.6657,0.9674,0.6684,0.9118,6.0294,180,,,0.3
reference,BBS11021.xml,ref,CRAIC built-in (progressive),4,100,0.7755,0.5882,all-columns,0.7997,0.62,0.7183,0.9224,0.7165,0.7615,6.5435,42,,,0.34
reference,BBS11021.xml,ref,MAFFT,4,106,0.683,0.4608,all-columns,0.8739,0.5472,0.6368,0.9107,0.6343,0.7976,6.9248,50,,,0.17
reference,BBS11021.xml,ref,MUSCLE,4,101,0.7453,0.5196,all-columns,0.8082,0.5644,0.6832,0.9107,0.6818,0.7649,6.729,45,,,0.03
reference,BBS11021.xml,ref,Clustal Omega,4,117,0.4736,0.2941,all-columns,0.9242,0.2821,0.3875,0.71,0.3839,0.65,7.055,67,,,0.01
reference,BBS11021.xml,ref,ProbCons,4,102,0.7396,0.5098,all-columns,0.8292,0.5588,0.6765,0.9107,0.6767,0.756,6.8559,46,,,0.02
reference,BBS11022.xml,ref,CRAIC built-in (progressive),4,60,0.9174,0.8,all-columns,0.7952,0.85,0.9194,0.9468,0.9192,0.9397,2.0037,13,,,0.04
reference,BBS11022.xml,ref,MAFFT,4,66,0.5043,0.35,all-columns,0.882,0.4697,0.5732,0.9048,0.5708,1.0,3.4882,52,,,0.14
reference,BBS11022.xml,ref,MUSCLE,4,60,0.8689,0.7167,all-columns,0.8281,0.75,0.8667,0.9222,0.8666,0.937,3.1378,15,,,0.01
reference,BBS11022.xml,ref,Clustal Omega,4,67,0.2621,0.0,all-columns,0.9399,0.0896,0.2935,1.0,0.2733,0.0,2.6368,66,,,0.01
reference,BBS11022.xml,ref,ProbCons,4,60,0.8946,0.7667,all-columns,0.8212,0.8,0.8917,0.9271,0.892,0.9097,2.4561,12,,,0.01
reference,BBS11023.xml,ref,CRAIC built-in (progressive),7,304,0.5329,0.1871,all-columns,0.8323,0.227,0.4973,0.8437,0.489,0.6252,6.445,265,,,4.35
reference,BBS11023.xml,ref,MAFFT,7,341,0.5281,0.2387,all-columns,0.8163,0.2727,0.4754,0.832,0.4752,0.516,7.8593,286,,,0.23
reference,BBS11023.xml,ref,MUSCLE,7,309,0.57,0.2355,all-columns,0.8442,0.3204,0.5433,0.873,0.54,0.6144,7.2614,258,,,0.19
reference,BBS11023.xml,ref,Clustal Omega,7,331,0.4448,0.1484,all-columns,0.8739,0.2236,0.4298,0.9006,0.4257,0.4573,9.4919,283,,,0.06
reference,BBS11023.xml,ref,ProbCons,7,330,0.5564,0.2677,all-columns,0.7656,0.3576,0.5604,0.9048,0.569,0.6524,5.791,290,,,0.31
reference,BBS11024.xml,ref,CRAIC built-in (progressive),4,312,0.4174,0.1574,all-columns,0.817,0.2276,0.4167,0.8065,0.4159,0.7473,6.6275,281,,,0.8
reference,BBS11024.xml,ref,MAFFT,4,334,0.3603,0.0926,all-columns,0.9173,0.2156,0.3782,0.8958,0.3808,0.1076,10.2531,286,,,0.17
reference,BBS11024.xml,ref,MUSCLE,4,322,0.5606,0.3025,all-columns,0.8225,0.3789,0.5476,0.7885,0.5432,0.6635,5.0491,270,,,0.07
reference,BBS11024.xml,ref,Clustal Omega,4,352,0.3487,0.0648,all-columns,0.8528,0.2557,0.3996,0.8156,0.4004,0.0887,7.5061,305,,,0.03
reference,BBS11024.xml,ref,ProbCons,4,326,0.5509,0.2994,all-columns,0.8103,0.3834,0.5348,0.7833,0.5383,0.6833,5.3574,276,,,0.13
reference,BBS11025.xml,ref,CRAIC built-in (progressive),4,58,0.7073,0.4921,all-columns,0.5061,0.5862,0.704,0.7778,0.7055,1.0,0.6047,49,,,0.03
reference,BBS11025.xml,ref,MAFFT,4,66,0.2195,0.0,all-columns,0.9032,0.0606,0.2601,0.5952,0.2493,0.0,3.8531,59,,,0.14
reference,BBS11025.xml,ref,MUSCLE,4,65,0.7195,0.4921,all-columns,0.7676,0.5385,0.6667,0.8088,0.6677,0.5882,3.2052,31,,,0.01
reference,BBS11025.xml,ref,Clustal Omega,4,71,0.2287,0.0,all-columns,0.9489,0.2254,0.385,0.8667,0.3732,0.1444,6.4553,56,,,0.01
reference,BBS11025.xml,ref,ProbCons,4,65,0.7195,0.4921,all-columns,0.7676,0.5385,0.6667,0.8088,0.6677,0.5882,3.2052,31,,,0.01
reference,BBS11026.xml,ref,CRAIC built-in (progressive),7,90,0.5143,0.1531,all-columns,0.8348,0.1889,0.4578,0.8357,0.4609,0.6122,5.0307,76,,,0.95
reference,BBS11026.xml,ref,MAFFT,7,105,0.2986,0.0612,all-columns,0.8444,0.1429,0.3498,0.7139,0.3462,0.1329,6.3642,81,,,0.14
reference,BBS11026.xml,ref,MUSCLE,7,91,0.5289,0.1429,all-columns,0.8754,0.1648,0.4611,0.85,0.4579,0.5026,6.3648,73,,,0.02
reference,BBS11026.xml,ref,Clustal Omega,7,98,0.3271,0.0204,all-columns,0.7792,0.0816,0.3336,0.4895,0.3364,0.3254,3.0107,74,,,0.01
reference,BBS11026.xml,ref,ProbCons,7,94,0.5388,0.1633,all-columns,0.8014,0.2128,0.4938,0.8651,0.4908,0.449,6.0031,73,,,0.04
reference,BBS11027.xml,ref,CRAIC built-in (progressive),7,229,0.4597,0.1255,all-columns,0.9622,0.1659,0.4268,0.9355,0.424,0.5837,9.6971,198,,,3.37
reference,BBS11027.xml,ref,MAFFT,7,234,0.4407,0.1515,all-columns,0.8671,0.188,0.4062,0.9798,0.4036,0.4921,10.2438,201,,,0.16
reference,BBS11027.xml,ref,MUSCLE,7,223,0.5028,0.2121,all-columns,0.9257,0.296,0.5224,0.9573,0.5301,0.5739,8.6061,184,,,0.12
reference,BBS11027.xml,ref,Clustal Omega,7,234,0.4043,0.1082,all-columns,0.9563,0.1154,0.3746,0.9134,0.3778,0.4731,10.4602,203,,,0.03
reference,BBS11027.xml,ref,ProbCons,7,230,0.4944,0.2078,all-columns,0.8995,0.2783,0.4983,0.8509,0.5008,0.5852,6.7046,192,,,0.17
reference,BBS11028.xml,ref,CRAIC built-in (progressive),10,101,0.768,0.4286,all-columns,0.8843,0.505,0.7,0.9524,0.7011,0.8984,4.5232,73,,,3.61
reference,BBS11028.xml,ref,MAFFT,10,108,0.6952,0.3905,all-columns,0.9259,0.4907,0.6623,0.9691,0.6615,0.8343,6.8126,62,,,0.16
reference,BBS11028.xml,ref,MUSCLE,10,100,0.8383,0.6,all-columns,0.9639,0.66,0.7597,0.9926,0.7631,0.8032,5.7645,52,,,0.05
reference,BBS11028.xml,ref,Clustal Omega,10,109,0.6737,0.3238,all-columns,0.7901,0.4679,0.6958,0.9333,0.6951,0.7434,7.4424,54,,,0.04
reference,BBS11028.xml,ref,ProbCons,10,98,0.8036,0.5048,all-columns,0.9131,0.5816,0.7193,0.9571,0.7153,0.8444,5.2746,56,,,0.06
reference,BBS11029.xml,ref,CRAIC built-in (progressive),4,97,0.5695,0.4,all-columns,0.9045,0.3918,0.4588,0.7482,0.458,0.4965,5.8679,50,,,0.15
reference,BBS11029.xml,ref,MAFFT,4,101,0.4462,0.2222,all-columns,0.9462,0.2574,0.3845,0.6825,0.3795,0.3214,6.1042,59,,,0.17
reference,BBS11029.xml,ref,MUSCLE,4,103,0.5762,0.4,all-columns,0.9139,0.3786,0.4498,0.7468,0.4523,0.5673,7.3123,51,,,0.04
reference,BBS11029.xml,ref,Clustal Omega,4,103,0.4574,0.2889,all-columns,0.932,0.2816,0.3608,0.6067,0.3553,0.45,6.1668,53,,,0.01
reference,BBS11029.xml,ref,ProbCons,4,103,0.5874,0.4111,all-columns,0.9079,0.3883,0.4579,0.7468,0.4597,0.5673,7.1735,51,,,0.01
reference,BBS11030.xml,ref,CRAIC built-in (progressive),14,229,0.65,0.1034,all-columns,0.7864,0.2096,0.5968,1.0,0.5999,0.8193,3.7337,220,,,11.97
reference,BBS11030.xml,ref,MAFFT,14,237,0.7212,0.2845,all-columns,0.8913,0.346,0.58,0.9796,0.5826,1.0,4.3034,216,,,0.3
reference,BBS11030.xml,ref,MUSCLE,14,234,0.7042,0.2543,all-columns,0.7833,0.3632,0.6346,1.0,0.6464,0.84,2.7126,225,,,0.42
reference,BBS11030.xml,ref,Clustal Omega,14,255,0.5567,0.0991,all-columns,0.8687,0.1451,0.4646,0.9916,0.4561,0.5721,6.638,238,,,0.13
reference,BBS11030.xml,ref,ProbCons,14,226,0.7,0.2414,all-columns,0.9195,0.3584,0.6054,1.0,0.6012,0.8703,3.441,216,,,0.5
reference,BBS11031.xml,ref,CRAIC built-in (progressive),11,438,0.4542,0.0778,all-columns,0.8201,0.1553,0.3533,0.75,0.3598,0.7045,1.9842,434,,,15.32
reference,BBS11031.xml,ref,MAFFT,11,441,0.5575,0.1327,all-columns,0.7274,0.2063,0.4142,0.9566,0.4068,0.7909,5.7008,425,,,0.56
reference,BBS11031.xml,ref,MUSCLE,11,377,0.6251,0.167,all-columns,0.8567,0.2361,0.4876,0.8523,0.487,0.8409,2.6463,369,,,0.61
reference,BBS11031.xml,ref,Clustal Omega,11,441,0.45,0.0206,all-columns,0.897,0.0612,0.3359,1.0,0.3152,0.8182,3.8513,437,,,0.2
reference,BBS11031.xml,ref,ProbCons,11,416,0.5812,0.1098,all-columns,0.902,0.1659,0.4169,0.8687,0.413,0.8404,3.613,407,,,1.1
reference,BBS11032.xml,ref,CRAIC built-in (progressive),8,247,0.6911,0.3008,all-columns,0.8194,0.3968,0.6709,0.9536,0.6684,0.6132,7.9387,182,,,4.53
reference,BBS11032.xml,ref,MAFFT,8,257,0.6705,0.3164,all-columns,0.9001,0.4008,0.6554,0.9424,0.6548,0.6189,10.6124,157,,,0.24
reference,BBS11032.xml,ref,MUSCLE,8,250,0.7491,0.3633,all-columns,0.8365,0.46,0.7176,0.9657,0.7176,0.6489,7.6863,173,,,0.15
reference,BBS11032.xml,ref,Clustal Omega,8,264,0.6471,0.2344,all-columns,0.8398,0.2917,0.6165,0.9028,0.6151,0.8114,10.1034,182,,,0.06
reference,BBS11032.xml,ref,ProbCons,8,240,0.7325,0.2969,all-columns,0.9178,0.4292,0.7207,0.9807,0.7212,0.6711,8.9155,168,,,0.28
reference,BBS11033.xml,ref,CRAIC built-in (progressive),11,116,0.6632,0.1855,all-columns,0.8751,0.2672,0.5172,0.861,0.5175,0.6652,3.9658,99,,,5.85
reference,BBS11033.xml,ref,MAFFT,11,123,0.5654,0.0565,all-columns,0.8456,0.1545,0.4677,0.8998,0.4703,0.5366,7.4007,90,,,0.16
reference,BBS11033.xml,ref,MUSCLE,11,117,0.7265,0.1694,all-columns,0.5578,0.2393,0.6367,0.9091,0.6351,0.7284,3.7949,101,,,0.07
reference,BBS11033.xml,ref,Clustal Omega,11,123,0.4621,0.0,all-columns,0.7493,0.0488,0.3769,0.8439,0.3844,0.5893,5.9316,106,,,0.02
reference,BBS11033.xml,ref,ProbCons,11,126,0.7236,0.2581,all-columns,0.7291,0.3095,0.5834,0.7455,0.5678,0.8073,2.7301,101,,,0.1
reference,BBS11034.xml,ref,CRAIC built-in (progressive),8,372,0.626,0.1949,all-columns,0.809,0.2984,0.5987,0.871,0.5972,0.7932,7.2458,310,,,5.62
reference,BBS11034.xml,ref,MAFFT,8,398,0.6023,0.2405,all-columns,0.7855,0.3417,0.5771,0.8631,0.5763,0.6373,9.9941,289,,,0.41
reference,BBS11034.xml,ref,MUSCLE,8,395,0.6547,0.2101,all-columns,0.7652,0.357,0.635,0.8769,0.637,0.7681,7.0066,310,,,0.37
reference,BBS11034.xml,ref,Clustal Omega,8,403,0.5152,0.1114,all-columns,0.907,0.2308,0.4793,0.8702,0.4843,0.5742,12.4659,301,,,0.13
reference,BBS11034.xml,ref,ProbCons,8,388,0.6054,0.1747,all-columns,0.8295,0.3015,0.5854,0.8864,0.5877,0.7367,8.5412,305,,,0.62
reference,BBS11035.xml,ref,CRAIC built-in (progressive),5,102,0.6,0.4624,all-columns,0.799,0.4706,0.5382,0.7019,0.5367,0.5151,4.0535,49,,,0.3
reference,BBS11035.xml,ref,MAFFT,5,102,0.5453,0.3978,all-columns,0.8865,0.4118,0.5085,0.7618,0.5136,0.4709,6.7345,47,,,0.15
reference,BBS11035.xml,ref,MUSCLE,5,102,0.592,0.3656,all-columns,0.8519,0.3529,0.4859,0.6141,0.4876,0.6019,3.2943,50,,,0.02
reference,BBS11035.xml,ref,Clustal Omega,5,113,0.4933,0.1183,all-columns,0.8783,0.2035,0.4171,0.4273,0.4147,0.5509,0.3648,58,,,0.01
reference,BBS11035.xml,ref,ProbCons,5,102,0.592,0.3656,all-columns,0.8514,0.3529,0.4846,0.6141,0.4864,0.6058,3.3185,50,,,0.03
reference,BBS11036.xml,ref,CRAIC built-in (progressive),8,375,0.5928,0.1574,all-columns,0.7771,0.232,0.5283,0.5,0.5322,0.2589,-0.2819,367,,,6.26
reference,BBS11036.xml,ref,MAFFT,8,385,0.6001,0.1453,all-columns,0.8546,0.2571,0.5221,0.9,0.5263,0.6857,8.9734,325,,,0.35
reference,BBS11036.xml,ref,MUSCLE,8,365,0.6073,0.155,all-columns,0.8242,0.2356,0.543,0.8077,0.543,0.3214,3.0122,352,,,0.32
reference,BBS11036.xml,ref,Clustal Omega,8,418,0.5279,0.1501,all-columns,0.8364,0.2081,0.458,0.9138,0.4591,0.7697,11.1875,360,,,0.14
reference,BBS11036.xml,ref,ProbCons,8,352,0.5877,0.1501,all-columns,0.7572,0.2841,0.5821,0.8,0.5738,0.1857,1.4514,347,,,0.62
reference,BBS11037.xml,ref,CRAIC built-in (progressive),5,391,0.4447,0.1276,all-columns,0.7645,0.1714,0.4215,0.8222,0.422,0.3289,8.2476,346,,,1.97
reference,BBS11037.xml,ref,MAFFT,5,408,0.4101,0.1607,all-columns,0.8434,0.2059,0.378,0.9458,0.3863,0.2146,11.7963,360,,,0.32
reference,BBS11037.xml,ref,MUSCLE,5,394,0.5109,0.199,all-columns,0.8101,0.2386,0.4643,0.8935,0.4597,0.363,8.7817,348,,,0.15
reference,BBS11037.xml,ref,Clustal Omega,5,447,0.4748,0.2321,all-columns,0.8844,0.302,0.4539,0.9525,0.4559,0.4225,8.7166,407,,,0.07
reference,BBS11037.xml,ref,ProbCons,5,392,0.5096,0.199,all-columns,0.8316,0.2423,0.469,0.9109,0.4716,0.3522,8.4752,346,,,0.23
reference,BBS11038.xml,ref,CRAIC built-in (progressive),8,299,0.8219,0.4441,all-columns,0.8348,0.5452,0.7303,0.9603,0.7295,0.8014,9.3909,174,,,5.63
reference,BBS11038.xml,ref,MAFFT,8,314,0.7421,0.3163,all-columns,0.951,0.3949,0.6432,0.9039,0.6439,0.7707,12.1607,162,,,0.26
reference,BBS11038.xml,ref,MUSCLE,8,286,0.834,0.5016,all-columns,0.8911,0.6084,0.7566,0.9585,0.7559,0.833,8.3491,156,,,0.2
reference,BBS11038.xml,ref,Clustal Omega,8,321,0.7261,0.4185,all-columns,0.9139,0.4922,0.6532,0.9109,0.651,0.7816,12.8262,164,,,0.11
reference,BBS11038.xml,ref,ProbCons,8,279,0.8258,0.4792,all-columns,0.8441,0.6201,0.7894,0.9637,0.791,0.832,9.2769,157,,,0.38
reference,BB12001.xml,ref,CRAIC built-in (progressive),11,532,0.8093,0.4456,all-columns,0.9384,0.5113,0.6975,0.9485,0.7001,0.8505,15.0905,273,,,18.66
reference,BB12001.xml,ref,MAFFT,11,557,0.8221,0.4474,all-columns,0.8886,0.5153,0.6984,0.8935,0.6997,0.8753,12.3689,243,,,0.66
reference,BB12001.xml,ref,MUSCLE,11,536,0.8203,0.4617,all-columns,0.9067,0.5317,0.7022,0.9396,0.7029,0.8466,15.3795,265,,,1.04
reference,BB12001.xml,ref,Clustal Omega,11,564,0.8074,0.4759,all-columns,0.8968,0.5195,0.6903,0.9235,0.6921,0.8869,16.3954,268,,,0.34
reference,BB12001.xml,ref,ProbCons,11,542,0.8091,0.4421,all-columns,0.9322,0.5055,0.6842,0.9273,0.6863,0.8446,14.2009,273,,,2.18
reference,BB12002.xml,ref,CRAIC built-in (progressive),6,216,0.898,0.7083,all-columns,0.8824,0.7685,0.8897,0.9111,0.89,0.9119,6.7069,8,,,2.02
reference,BB12002.xml,ref,MAFFT,6,216,0.8883,0.6667,all-columns,0.8951,0.7037,0.8789,0.8873,0.879,0.8934,2.9471,8,,,0.16
reference,BB12002.xml,ref,MUSCLE,6,216,0.9088,0.7593,all-columns,0.8529,0.7917,0.9035,0.919,0.9039,0.9211,4.555,9,,,0.09
reference,BB12002.xml,ref,Clustal Omega,6,218,0.9046,0.7407,all-columns,0.8789,0.7844,0.9002,0.927,0.9006,0.9158,7.4177,13,,,0.03
reference,BB12002.xml,ref,ProbCons,6,215,0.8841,0.6852,all-columns,0.8579,0.7302,0.8772,0.8931,0.8773,0.8923,5.3516,7,,,0.13
reference,BB12003.xml,ref,CRAIC built-in (progressive),8,94,0.8764,0.5604,all-columns,0.8943,0.6809,0.8155,0.8254,0.8146,0.8163,1.5402,5,,,0.19
reference,BB12003.xml,ref,MAFFT,8,92,0.907,0.6484,all-columns,0.8415,0.7174,0.8246,0.8357,0.8237,0.824,1.3793,6,,,0.15
reference,BB12003.xml,ref,MUSCLE,8,92,0.9174,0.6484,all-columns,0.7567,0.7391,0.837,0.834,0.836,0.8353,-0.2298,7,,,0.02
reference,BB12003.xml,ref,Clustal Omega,8,94,0.8418,0.5495,all-columns,0.8415,0.617,0.8074,0.8184,0.8068,0.8135,1.151,13,,,0.01
reference,BB12003.xml,ref,ProbCons,8,92,0.8995,0.6374,all-columns,0.8036,0.7174,0.8189,0.8282,0.8179,0.82,1.4085,5,,,0.03
reference,BB12004.xml,ref,CRAIC built-in (progressive),15,264,0.9031,0.5038,all-columns,0.8391,0.6023,0.8887,0.9209,0.8884,0.9123,5.6656,50,,,10.41
reference,BB12004.xml,ref,MAFFT,15,268,0.9434,0.7218,all-columns,0.7272,0.7761,0.93,0.9465,0.93,0.9502,4.2216,34,,,0.32
reference,BB12004.xml,ref,MUSCLE,15,265,0.9389,0.6617,all-columns,0.7273,0.766,0.9232,0.9466,0.9234,0.9475,5.4813,35,,,0.52
reference,BB12004.xml,ref,Clustal Omega,15,266,0.8967,0.5414,all-columns,0.82,0.5977,0.891,0.9321,0.8918,0.9113,8.2498,43,,,0.15
reference,BB12004.xml,ref,ProbCons,15,266,0.9309,0.6316,all-columns,0.7678,0.7444,0.9156,0.9467,0.9158,0.945,5.8315,45,,,1.16
reference,BB12005.xml,ref,CRAIC built-in (progressive),9,227,0.8783,0.5316,all-columns,0.8707,0.63,0.8238,0.9076,0.825,0.8875,8.5885,44,,,5.52
reference,BB12005.xml,ref,MAFFT,9,235,0.8541,0.4979,all-columns,0.8572,0.5915,0.8012,0.9031,0.8008,0.8672,9.8997,57,,,0.18
reference,BB12005.xml,ref,MUSCLE,9,226,0.8693,0.5148,all-columns,0.859,0.5885,0.8061,0.8949,0.807,0.8808,9.4573,44,,,0.14
reference,BB12005.xml,ref,Clustal Omega,9,239,0.8679,0.5401,all-columns,0.8538,0.5858,0.7974,0.8889,0.7985,0.8793,8.3656,56,,,0.05
reference,BB12005.xml,ref,ProbCons,9,228,0.8885,0.5823,all-columns,0.8032,0.6667,0.8256,0.9074,0.8264,0.899,8.1588,46,,,0.24
reference,BB12006.xml,ref,CRAIC built-in (progressive),4,238,0.9113,0.8235,all-columns,0.9358,0.8697,0.9048,0.9405,0.9043,0.9226,9.1367,14,,,0.32
reference,BB12006.xml,ref,MAFFT,4,240,0.8681,0.7605,all-columns,0.9814,0.8167,0.8701,0.9577,0.8698,0.8812,13.2234,31,,,0.15
reference,BB12006.xml,ref,MUSCLE,4,238,0.9136,0.8277,all-columns,0.9406,0.8782,0.9069,0.9469,0.9067,0.923,8.9566,15,,,0.04
reference,BB12006.xml,ref,Clustal Omega,4,238,0.8957,0.8235,all-columns,0.9641,0.8445,0.888,0.9447,0.888,0.9084,10.1107,27,,,0.02
reference,BB12006.xml,ref,ProbCons,4,238,0.9106,0.8277,all-columns,0.9446,0.8739,0.9034,0.9467,0.9034,0.9219,8.936,16,,,0.07
reference,BB12007.xml,ref,CRAIC built-in (progressive),8,1094,0.8491,0.5899,all-columns,0.9462,0.6517,0.7956,0.9101,0.7963,0.8775,21.0838,252,,,102.28
reference,BB12007.xml,ref,MAFFT,8,1121,0.8411,0.5989,all-columns,0.9498,0.6476,0.7789,0.9019,0.7789,0.8757,22.6242,247,,,0.9
reference,BB12007.xml,ref,MUSCLE,8,1100,0.8513,0.5998,all-columns,0.9422,0.6609,0.7946,0.9167,0.794,0.879,23.3546,265,,,4.39
reference,BB12007.xml,ref,Clustal Omega,8,1111,0.8286,0.5692,all-columns,0.9603,0.6409,0.775,0.9309,0.7752,0.8605,26.0576,289,,,0.85
reference,BB12007.xml,ref,ProbCons,8,1104,0.8475,0.598,all-columns,0.9417,0.663,0.7896,0.9188,0.7891,0.874,23.7718,265,,,5.07
reference,BB12008.xml,ref,CRAIC built-in (progressive),13,602,0.8909,0.45,all-columns,0.8467,0.5033,0.638,0.807,0.6379,0.8879,13.8989,198,,,33.5
reference,BB12008.xml,ref,MAFFT,13,629,0.892,0.4569,all-columns,0.8339,0.4674,0.599,0.7919,0.5981,0.8535,15.5974,214,,,0.75
reference,BB12008.xml,ref,MUSCLE,13,608,0.9011,0.4655,all-columns,0.8588,0.4951,0.6211,0.8079,0.6203,0.87,14.9646,197,,,1.28
reference,BB12008.xml,ref,Clustal Omega,13,607,0.8924,0.4741,all-columns,0.8147,0.4778,0.6185,0.7947,0.6184,0.8717,15.0068,194,,,0.32
reference,BB12008.xml,ref,ProbCons,13,627,0.8954,0.4586,all-columns,0.8668,0.4673,0.5889,0.7986,0.5881,0.8977,13.8962,230,,,2.8
reference,BB12009.xml,ref,CRAIC built-in (progressive),5,104,0.8561,0.6122,all-columns,0.83,0.625,0.676,0.7974,0.6774,0.7987,4.6742,26,,,0.59
reference,BB12009.xml,ref,MAFFT,5,100,0.7905,0.4592,all-columns,0.9139,0.52,0.6777,0.8349,0.6784,0.8333,5.3146,37,,,0.17
reference,BB12009.xml,ref,MUSCLE,5,99,0.7793,0.4694,all-columns,0.87,0.5354,0.6781,0.7783,0.6798,0.8087,3.5162,30,,,0.03
reference,BB12009.xml,ref,Clustal Omega,5,99,0.8883,0.6633,all-columns,0.7952,0.6667,0.77,0.8278,0.7739,0.8782,2.3426,27,,,0.01
reference,BB12009.xml,ref,ProbCons,5,99,0.7751,0.4592,all-columns,0.8867,0.5253,0.6663,0.7783,0.668,0.8014,3.9323,30,,,0.03
reference,BB12010.xml,ref,CRAIC built-in (progressive),7,371,0.8737,0.5831,all-columns,0.8856,0.6846,0.8319,0.9025,0.8327,0.8815,13.4056,44,,,4.08
reference,BB12010.xml,ref,MAFFT,7,387,0.8784,0.5963,all-columns,0.8809,0.6641,0.8022,0.9066,0.8025,0.8973,14.2305,68,,,0.23
reference,BB12010.xml,ref,MUSCLE,7,369,0.8749,0.5699,all-columns,0.877,0.6694,0.8313,0.8966,0.8313,0.8881,10.9282,51,,,0.23
reference,BB12010.xml,ref,Clustal Omega,7,391,0.8954,0.6148,all-columns,0.8827,0.7084,0.839,0.9101,0.8403,0.9079,10.1262,72,,,0.08
reference,BB12010.xml,ref,ProbCons,7,369,0.8673,0.5541,all-columns,0.8854,0.6531,0.8263,0.8925,0.8262,0.8825,11.2721,51,,,0.4
reference,BB12011.xml,ref,CRAIC built-in (progressive),12,1236,0.7172,0.3104,all-columns,0.9174,0.4482,0.7224,0.8621,0.7227,0.6863,21.123,457,,,91.43
reference,BB12011.xml,ref,MAFFT,12,1249,0.7385,0.4222,all-columns,0.9042,0.494,0.734,0.8624,0.7346,0.7294,22.9263,397,,,1.83
reference,BB12011.xml,ref,MUSCLE,12,1215,0.7495,0.3898,all-columns,0.8794,0.4905,0.7535,0.8728,0.7542,0.7212,18.0532,428,,,4.21
reference,BB12011.xml,ref,Clustal Omega,12,1255,0.6973,0.4498,all-columns,0.9276,0.4956,0.7118,0.8741,0.7114,0.6953,22.7421,412,,,1.13
reference,BB12011.xml,ref,ProbCons,12,1224,0.7472,0.3922,all-columns,0.8837,0.5147,0.7629,0.8893,0.7642,0.7345,18.8206,458,,,9.33
reference,BB12012.xml,ref,CRAIC built-in (progressive),4,369,0.5761,0.3699,all-columns,0.9201,0.3686,0.4874,0.7246,0.4884,0.7468,11.481,159,,,1.14
reference,BB12012.xml,ref,MAFFT,4,371,0.5635,0.3613,all-columns,0.9218,0.3666,0.4928,0.7716,0.4937,0.7901,12.0323,190,,,0.22
reference,BB12012.xml,ref,MUSCLE,4,389,0.5594,0.3613,all-columns,0.9431,0.3599,0.4649,0.7395,0.4653,0.7379,12.6872,183,,,0.12
reference,BB12012.xml,ref,Clustal Omega,4,373,0.5583,0.3671,all-columns,0.9404,0.3807,0.5054,0.7897,0.5056,0.7316,13.6707,178,,,0.04
reference,BB12012.xml,ref,ProbCons,4,390,0.5589,0.3584,all-columns,0.9429,0.3564,0.4611,0.7366,0.461,0.7407,13.0097,185,,,0.19
reference,BB12013.xml,ref,CRAIC built-in (progressive),8,763,0.9294,0.7468,all-columns,0.907,0.8034,0.8934,0.9466,0.8935,0.9353,16.4146,97,,,28.43
reference,BB12013.xml,ref,MAFFT,8,776,0.9278,0.7364,all-columns,0.9241,0.7745,0.8591,0.9324,0.8591,0.9306,19.2802,97,,,0.47
reference,BB12013.xml,ref,MUSCLE,8,762,0.9329,0.7455,all-columns,0.9418,0.7808,0.8683,0.9493,0.8685,0.9435,18.9042,100,,,1.21
reference,BB12013.xml,ref,Clustal Omega,8,782,0.9153,0.7143,all-columns,0.952,0.7442,0.8395,0.9526,0.8395,0.9328,23.7393,132,,,0.27
reference,BB12013.xml,ref,ProbCons,8,742,0.9311,0.7429,all-columns,0.9374,0.7951,0.8774,0.9524,0.8776,0.9443,19.9877,88,,,2.61
reference,BB12014.xml,ref,CRAIC built-in (progressive),9,146,0.85,0.4054,all-columns,0.8013,0.5137,0.5563,0.9299,0.5551,0.8877,8.3221,85,,,2.98
reference,BB12014.xml,ref,MAFFT,9,152,0.8508,0.3581,all-columns,0.9903,0.3684,0.4013,0.937,0.3959,0.9225,11.6789,93,,,0.17
reference,BB12014.xml,ref,MUSCLE,9,146,0.8649,0.4392,all-columns,0.8333,0.5205,0.5466,0.925,0.5496,0.8973,8.5775,86,,,0.05
reference,BB12014.xml,ref,Clustal Omega,9,148,0.9041,0.5135,all-columns,0.8745,0.527,0.571,0.9575,0.5735,0.9381,8.4581,89,,,0.02
reference,BB12014.xml,ref,ProbCons,9,118,0.8585,0.3649,all-columns,0.9396,0.5169,0.5491,0.925,0.5492,0.8973,9.7135,58,,,0.07
reference,BB12015.xml,ref,CRAIC built-in (progressive),12,439,0.8426,0.3177,all-columns,0.8911,0.4032,0.4378,0.7391,0.4377,0.7463,13.5262,223,,,11.66
reference,BB12015.xml,ref,MAFFT,12,449,0.8482,0.2998,all-columns,0.8484,0.3764,0.4362,0.716,0.4376,0.7408,12.1973,235,,,0.31
reference,BB12015.xml,ref,MUSCLE,12,439,0.8527,0.34,all-columns,0.8055,0.4077,0.4569,0.7121,0.4585,0.7515,10.5872,228,,,0.29
reference,BB12015.xml,ref,Clustal Omega,12,454,0.8523,0.3624,all-columns,0.7917,0.4207,0.4772,0.6822,0.4774,0.7341,9.4501,212,,,0.06
reference,BB12015.xml,ref,ProbCons,12,450,0.8497,0.3602,all-columns,0.7862,0.4244,0.4708,0.6897,0.4715,0.7051,10.6602,219,,,0.45
reference,BB12016.xml,ref,CRAIC built-in (progressive),5,921,0.8066,0.7868,all-columns,0.9153,0.8132,0.8338,0.9235,0.8345,0.8071,16.2536,148,,,3.17
reference,BB12016.xml,ref,MAFFT,5,935,0.7974,0.7405,all-columns,0.9564,0.7604,0.7801,0.9027,0.7801,0.77,21.6817,154,,,0.31
reference,BB12016.xml,ref,MUSCLE,5,945,0.83,0.7889,all-columns,0.9271,0.7989,0.8145,0.9254,0.8144,0.8007,18.6805,176,,,0.35
reference,BB12016.xml,ref,Clustal Omega,5,946,0.8028,0.7973,all-columns,0.9156,0.8087,0.823,0.9066,0.8234,0.8122,15.4828,161,,,0.11
reference,BB12016.xml,ref,ProbCons,5,944,0.8289,0.7889,all-columns,0.9276,0.7998,0.8151,0.9263,0.8147,0.8022,20.5019,173,,,0.45
reference,BB12017.xml,ref,CRAIC built-in (progressive),7,496,0.8914,0.6563,all-columns,0.9197,0.7097,0.8347,0.9304,0.835,0.9101,13.8578,96,,,6.67
reference,BB12017.xml,ref,MAFFT,7,515,0.8811,0.6835,all-columns,0.9027,0.732,0.8226,0.9168,0.822,0.9045,14.0841,97,,,0.37
reference,BB12017.xml,ref,MUSCLE,7,494,0.8976,0.6718,all-columns,0.9045,0.7449,0.8494,0.9331,0.8492,0.9147,12.4712,93,,,0.41
reference,BB12017.xml,ref,Clustal Omega,7,514,0.8856,0.6777,all-columns,0.9107,0.7043,0.814,0.9365,0.8141,0.9235,15.8687,112,,,0.15
reference,BB12017.xml,ref,ProbCons,7,493,0.8959,0.6718,all-columns,0.9099,0.7424,0.8482,0.9387,0.8477,0.9184,14.2492,97,,,0.87
reference,BB12018.xml,ref,CRAIC built-in (progressive),4,818,0.9172,0.8175,all-columns,0.9491,0.8447,0.8965,0.9363,0.897,0.9227,13.1233,72,,,6.37
reference,BB12018.xml,ref,MAFFT,4,826,0.9129,0.8102,all-columns,0.9588,0.8341,0.8846,0.9669,0.885,0.9442,20.1168,127,,,0.25
reference,BB12018.xml,ref,MUSCLE,4,818,0.9235,0.8345,all-columns,0.964,0.8643,0.9065,0.9673,0.9066,0.9542,18.2826,105,,,0.41
reference,BB12018.xml,ref,Clustal Omega,4,842,0.9138,0.8102,all-columns,0.9648,0.8361,0.8808,0.9632,0.8809,0.939,18.8887,126,,,0.19
reference,BB12018.xml,ref,ProbCons,4,818,0.9244,0.8358,all-columns,0.9577,0.8667,0.9075,0.9613,0.9081,0.9488,16.2863,98,,,0.91
reference,BB12019.xml,ref,CRAIC built-in (progressive),5,800,0.6886,0.4817,all-columns,0.8852,0.5112,0.5942,0.6741,0.5944,0.6677,12.0976,116,,,7.59
reference,BB12019.xml,ref,MAFFT,5,800,0.6883,0.4666,all-columns,0.8919,0.4925,0.5908,0.6717,0.5908,0.6958,10.5752,137,,,0.3
reference,BB12019.xml,ref,MUSCLE,5,799,0.6912,0.4893,all-columns,0.8826,0.5156,0.5957,0.6725,0.5953,0.6726,12.5447,120,,,0.56
reference,BB12019.xml,ref,Clustal Omega,5,816,0.6779,0.4653,all-columns,0.885,0.4902,0.5791,0.6822,0.5789,0.7069,12.6742,172,,,0.17
reference,BB12019.xml,ref,ProbCons,5,799,0.6906,0.4893,all-columns,0.8845,0.5156,0.5964,0.673,0.5964,0.6699,12.1603,119,,,1.05
reference,BB12020.xml,ref,CRAIC built-in (progressive),4,128,0.859,0.7087,all-columns,0.8796,0.75,0.8529,0.8946,0.8535,0.8618,6.2264,11,,,0.48
reference,BB12020.xml,ref,MAFFT,4,129,0.8364,0.7244,all-columns,0.8939,0.7442,0.8269,0.9119,0.8275,0.8365,6.9253,23,,,0.14
reference,BB12020.xml,ref,MUSCLE,4,128,0.8632,0.7165,all-columns,0.8449,0.7656,0.8594,0.8928,0.8594,0.8667,4.2955,13,,,0.02
reference,BB12020.xml,ref,Clustal Omega,4,185,0.3089,0.0157,all-columns,0.9811,0.5946,0.7009,0.945,0.7003,0.5657,11.5629,76,,,0.01
reference,BB12020.xml,ref,ProbCons,4,128,0.8632,0.7165,all-columns,0.8449,0.7656,0.8594,0.8928,0.8594,0.8667,4.2955,13,,,0.03
reference,BB12021.xml,ref,CRAIC built-in (progressive),6,80,0.8363,0.6173,all-columns,0.9226,0.7,0.8325,0.9066,0.8332,0.8596,5.0237,14,,,0.07
reference,BB12021.xml,ref,MAFFT,6,86,0.8193,0.6296,all-columns,0.8713,0.686,0.8085,0.8851,0.8082,0.8537,4.4114,19,,,0.13
reference,BB12021.xml,ref,MUSCLE,6,80,0.8325,0.5802,all-columns,0.9124,0.675,0.825,0.8633,0.8255,0.8531,3.1036,11,,,0.02
reference,BB12021.xml,ref,Clustal Omega,6,82,0.8638,0.6543,all-columns,0.9432,0.7073,0.8451,0.9271,0.8459,0.8719,5.0568,18,,,0.01
reference,BB12021.xml,ref,ProbCons,6,80,0.8382,0.5926,all-columns,0.9004,0.6875,0.8275,0.861,0.8276,0.8571,2.8342,10,,,0.02
reference,BB12022.xml,ref,CRAIC built-in (progressive),5,438,0.7585,0.4223,all-columns,0.872,0.5616,0.5966,0.7631,0.5973,0.4803,10.886,148,,,1.09
reference,BB12022.xml,ref,MAFFT,5,425,0.7093,0.407,all-columns,0.9095,0.48,0.5485,0.8227,0.549,0.4678,15.5119,196,,,0.19
reference,BB12022.xml,ref,MUSCLE,5,431,0.7441,0.4026,all-columns,0.8958,0.5592,0.5951,0.7944,0.5972,0.4944,11.5488,163,,,0.09
reference,BB12022.xml,ref,Clustal Omega,5,442,0.7721,0.5011,all-columns,0.8564,0.5588,0.6025,0.8029,0.6036,0.4829,10.9015,197,,,0.03
reference,BB12022.xml,ref,ProbCons,5,427,0.7419,0.4048,all-columns,0.894,0.5644,0.6007,0.7952,0.6003,0.4926,10.5292,158,,,0.12
reference,BB12023.xml,ref,CRAIC built-in (progressive),5,759,0.8607,0.6514,all-columns,0.8764,0.7576,0.8397,0.906,0.8397,0.8732,14.0552,121,,,6.88
reference,BB12023.xml,ref,MAFFT,5,780,0.8532,0.6358,all-columns,0.9011,0.7321,0.8208,0.9096,0.8206,0.8731,16.5075,145,,,0.27
reference,BB12023.xml,ref,MUSCLE,5,763,0.8526,0.6449,all-columns,0.8805,0.7326,0.8249,0.9,0.8258,0.8725,15.5432,126,,,0.5
reference,BB12023.xml,ref,Clustal Omega,5,774,0.8591,0.654,all-columns,0.895,0.7377,0.8219,0.917,0.8235,0.8842,15.4193,155,,,0.19
reference,BB12023.xml,ref,ProbCons,5,763,0.854,0.6475,all-columns,0.8832,0.7392,0.828,0.9009,0.8277,0.8706,15.8209,124,,,1.04
reference,BB12024.xml,ref,CRAIC built-in (progressive),4,241,0.9257,0.823,all-columns,0.8245,0.8589,0.9177,0.9294,0.9179,0.9202,5.5104,5,,,0.64
reference,BB12024.xml,ref,MAFFT,4,241,0.9004,0.7695,all-columns,0.8998,0.8216,0.8956,0.9271,0.896,0.8981,7.6872,17,,,0.15
reference,BB12024.xml,ref,MUSCLE,4,241,0.9257,0.8272,all-columns,0.8392,0.8589,0.917,0.9302,0.9171,0.9188,5.6388,7,,,0.05
reference,BB12024.xml,ref,Clustal Omega,4,243,0.9279,0.8148,all-columns,0.8351,0.8642,0.9211,0.9384,0.9213,0.921,5.0795,13,,,0.02
reference,BB12024.xml,ref,ProbCons,4,241,0.9257,0.8272,all-columns,0.8382,0.8589,0.917,0.9299,0.9171,0.9185,4.9048,8,,,0.06
reference,BB12025.xml,ref,CRAIC built-in (progressive),4,221,0.4091,0.0,all-columns,0.9412,0.181,0.4012,0.617,0.4043,0.367,8.2872,127,,,0.52
reference,BB12025.xml,ref,MAFFT,4,221,0.6916,0.4404,all-columns,0.7774,0.5158,0.6569,0.8238,0.6583,0.7466,7.445,98,,,0.15
reference,BB12025.xml,ref,MUSCLE,4,216,0.6418,0.3853,all-columns,0.9011,0.4537,0.5926,0.8196,0.595,0.7052,9.77,95,,,0.04
reference,BB12025.xml,ref,Clustal Omega,4,219,0.6483,0.3303,all-columns,0.8858,0.4429,0.6043,0.8532,0.6058,0.8104,9.4904,110,,,0.02
reference,BB12025.xml,ref,ProbCons,4,216,0.6418,0.3899,all-columns,0.8924,0.4491,0.5856,0.8111,0.5854,0.7097,9.3699,96,,,0.06
reference,BB12026.xml,ref,CRAIC built-in (progressive),18,286,0.86,0.5172,all-columns,0.9328,0.5734,0.8085,0.9396,0.8073,0.9214,11.8177,76,,,18.05
reference,BB12026.xml,ref,MAFFT,18,295,0.8805,0.5276,all-columns,0.9066,0.5593,0.8171,0.9225,0.8171,0.9315,10.1734,79,,,0.36
reference,BB12026.xml,ref,MUSCLE,18,289,0.8731,0.531,all-columns,0.9345,0.5813,0.8162,0.9264,0.8159,0.9174,10.864,76,,,0.84
reference,BB12026.xml,ref,Clustal Omega,18,295,0.8576,0.4793,all-columns,0.9427,0.5051,0.7966,0.9468,0.7966,0.9124,13.8263,89,,,0.21
reference,BB12026.xml,ref,ProbCons,18,290,0.8675,0.5207,all-columns,0.948,0.5552,0.7876,0.9195,0.7871,0.9192,11.5507,76,,,1.96
reference,BB12027.xml,ref,CRAIC built-in (progressive),13,588,0.8972,0.5167,all-columns,0.8376,0.602,0.7716,0.8721,0.7708,0.9055,11.9777,144,,,33.26
reference,BB12027.xml,ref,MAFFT,13,595,0.9031,0.53,all-columns,0.8444,0.595,0.7576,0.8557,0.7576,0.9101,12.4058,141,,,0.65
reference,BB12027.xml,ref,MUSCLE,13,586,0.9067,0.5317,all-columns,0.8366,0.6109,0.7778,0.8698,0.7774,0.9183,11.2112,140,,,1.38
reference,BB12027.xml,ref,Clustal Omega,13,588,0.8942,0.5367,all-columns,0.8182,0.5833,0.7612,0.8459,0.7608,0.9056,11.1997,136,,,0.37
reference,BB12027.xml,ref,ProbCons,13,586,0.8996,0.53,all-columns,0.8389,0.6041,0.7703,0.8714,0.7701,0.9163,12.3889,151,,,3.22
reference,BB12028.xml,ref,CRAIC built-in (progressive),8,353,0.7801,0.3858,all-columns,0.8885,0.4759,0.5609,0.9296,0.5623,0.8574,13.6695,192,,,5.33
reference,BB12028.xml,ref,MAFFT,8,379,0.7531,0.3401,all-columns,0.9336,0.3879,0.4915,0.8926,0.4912,0.8618,15.6374,201,,,0.33
reference,BB12028.xml,ref,MUSCLE,8,349,0.7764,0.3807,all-columns,0.9167,0.4613,0.559,0.9187,0.5569,0.8184,16.1416,183,,,0.28
reference,BB12028.xml,ref,Clustal Omega,8,376,0.7348,0.3477,all-columns,0.9387,0.3963,0.5092,0.9016,0.5125,0.851,14.7443,201,,,0.07
reference,BB12028.xml,ref,ProbCons,8,355,0.7693,0.3832,all-columns,0.9287,0.4563,0.5421,0.9202,0.5411,0.8342,15.5643,182,,,0.48
reference,BB12029.xml,ref,CRAIC built-in (progressive),12,524,0.7948,0.4488,all-columns,0.9507,0.5515,0.7466,0.8974,0.7468,0.8096,15.4744,155,,,27.89
reference,BB12029.xml,ref,MAFFT,12,535,0.7987,0.5251,all-columns,0.9351,0.5907,0.7427,0.8933,0.7423,0.7696,17.8464,134,,,0.63
reference,BB12029.xml,ref,MUSCLE,12,531,0.8036,0.5028,all-columns,0.9405,0.5763,0.746,0.8891,0.746,0.7814,16.9098,130,,,1.31
reference,BB12029.xml,ref,Clustal Omega,12,543,0.7926,0.5177,all-columns,0.9416,0.5635,0.7297,0.9122,0.7289,0.7864,16.5092,173,,,0.3
reference,BB12029.xml,ref,ProbCons,12,522,0.8033,0.5121,all-columns,0.9331,0.5862,0.7469,0.8881,0.7464,0.7883,14.8754,136,,,2.77
reference,BB12030.xml,ref,CRAIC built-in (progressive),6,1088,0.7058,0.3803,all-columns,0.8177,0.4697,0.6085,0.7602,0.609,0.7067,14.7017,452,,,11.17
reference,BB12030.xml,ref,MAFFT,6,1092,0.7465,0.4497,all-columns,0.7523,0.4872,0.6045,0.741,0.6041,0.7523,12.4278,427,,,0.72
reference,BB12030.xml,ref,MUSCLE,6,1099,0.748,0.4506,all-columns,0.7393,0.5123,0.6244,0.7486,0.6248,0.7678,12.2993,436,,,1.15
reference,BB12030.xml,ref,Clustal Omega,6,1100,0.7373,0.4424,all-columns,0.7746,0.5073,0.6292,0.7703,0.6287,0.7645,15.3506,403,,,0.33
reference,BB12030.xml,ref,ProbCons,6,1096,0.7492,0.4525,all-columns,0.7501,0.5155,0.6312,0.7643,0.6307,0.7663,12.5721,444,,,1.79
reference,BB12031.xml,ref,CRAIC built-in (progressive),10,998,0.7845,0.4941,all-columns,0.9445,0.5311,0.7084,0.8934,0.7087,0.8349,23.0956,316,,,135.67
reference,BB12031.xml,ref,MAFFT,10,1024,0.7843,0.5068,all-columns,0.9413,0.5293,0.6973,0.8718,0.6973,0.8545,22.2374,302,,,1.09
reference,BB12031.xml,ref,MUSCLE,10,1009,0.7884,0.498,all-columns,0.9384,0.5263,0.7077,0.8815,0.7082,0.8551,20.977,319,,,2.94
reference,BB12031.xml,ref,Clustal Omega,10,1033,0.7802,0.5088,all-columns,0.9277,0.5237,0.705,0.8821,0.7047,0.8715,23.0422,324,,,1.19
reference,BB12031.xml,ref,ProbCons,10,1005,0.7854,0.4941,all-columns,0.9443,0.5224,0.7073,0.8874,0.7069,0.8475,19.8067,320,,,7.57
reference,BB12032.xml,ref,CRAIC built-in (progressive),9,70,0.8553,0.4571,all-columns,0.6921,0.5286,0.8404,0.9043,0.8398,0.8971,3.5516,26,,,0.14
reference,BB12032.xml,ref,MAFFT,9,70,0.871,0.5286,all-columns,0.6888,0.5857,0.8615,0.9024,0.8609,0.8879,3.0249,19,,,0.15
reference,BB12032.xml,ref,MUSCLE,9,69,0.9067,0.6,all-columns,0.676,0.6812,0.8949,0.932,0.8945,0.9287,2.6947,23,,,0.03
reference,BB12032.xml,ref,Clustal Omega,9,71,0.7677,0.3857,all-columns,0.8919,0.5211,0.758,0.8766,0.7602,0.7832,4.7085,25,,,0.01
reference,BB12032.xml,ref,ProbCons,9,69,0.8991,0.5857,all-columns,0.6654,0.6667,0.8864,0.9193,0.8865,0.9354,2.2864,23,,,0.04
reference,BB12033.xml,ref,CRAIC built-in (progressive),7,610,0.6642,0.2837,all-columns,0.9175,0.3525,0.5054,0.8536,0.5062,0.8051,16.9293,395,,,6.65
reference,BB12033.xml,ref,MAFFT,7,638,0.6604,0.3011,all-columns,0.8798,0.3699,0.4854,0.786,0.4842,0.7569,15.1154,387,,,0.58
reference,BB12033.xml,ref,MUSCLE,7,625,0.6821,0.3059,all-columns,0.8576,0.3888,0.5359,0.846,0.5339,0.8078,14.0469,404,,,0.49
reference,BB12033.xml,ref,Clustal Omega,7,625,0.634,0.2868,all-columns,0.8913,0.3472,0.4939,0.7864,0.493,0.716,13.3359,373,,,0.14
reference,BB12033.xml,ref,ProbCons,7,632,0.6775,0.3043,all-columns,0.8523,0.3845,0.5235,0.8193,0.5218,0.8097,14.4697,402,,,0.86
reference,BB12034.xml,ref,CRAIC built-in (progressive),4,276,0.8764,0.7365,all-columns,0.8605,0.7754,0.8708,0.8823,0.8705,0.8711,4.8965,7,,,0.84
reference,BB12034.xml,ref,MAFFT,4,278,0.879,0.7545,all-columns,0.8465,0.795,0.8795,0.905,0.8794,0.8761,8.2902,13,,,0.15
reference,BB12034.xml,ref,MUSCLE,4,277,0.879,0.7509,all-columns,0.85,0.7834,0.8736,0.8844,0.8736,0.8708,5.0097,6,,,0.06
reference,BB12034.xml,ref,Clustal Omega,4,280,0.8987,0.787,all-columns,0.8374,0.8107,0.8869,0.9047,0.887,0.8952,5.0445,16,,,0.02
reference,BB12034.xml,ref,ProbCons,4,276,0.879,0.7473,all-columns,0.8502,0.7826,0.8732,0.8854,0.8729,0.8736,5.3645,7,,,0.1
reference,BB12035.xml,ref,CRAIC built-in (progressive),27,335,0.8683,0.3487,all-columns,0.79,0.4776,0.7439,0.9454,0.7469,0.9376,7.4033,223,,,73.08
reference,BB12035.xml,ref,MAFFT,27,352,0.8863,0.3718,all-columns,0.8049,0.4886,0.7309,0.8969,0.7305,0.9137,10.7596,132,,,0.91
reference,BB12035.xml,ref,MUSCLE,27,336,0.8886,0.3833,all-columns,0.779,0.5,0.7534,0.9277,0.7548,0.935,9.5264,143,,,1.98
reference,BB12035.xml,ref,Clustal Omega,27,351,0.8504,0.2939,all-columns,0.8379,0.3875,0.6863,0.9147,0.6871,0.92,12.6414,157,,,0.31
reference,BB12035.xml,ref,ProbCons,27,325,0.8873,0.3775,all-columns,0.7802,0.5015,0.7491,0.9395,0.7496,0.9447,9.4611,158,,,4.48
reference,BB12036.xml,ref,CRAIC built-in (progressive),7,235,0.9509,0.817,all-columns,0.8653,0.8979,0.9475,0.9519,0.9474,0.947,4.8466,2,,,2.64
reference,BB12036.xml,ref,MAFFT,7,235,0.9509,0.8723,all-columns,0.8728,0.9234,0.9569,0.9776,0.9568,0.9539,7.3581,15,,,0.17
reference,BB12036.xml,ref,MUSCLE,7,235,0.9612,0.8298,all-columns,0.8627,0.8894,0.9378,0.9492,0.9377,0.9361,5.7344,6,,,0.09
reference,BB12036.xml,ref,Clustal Omega,7,236,0.9578,0.8511,all-columns,0.8364,0.8941,0.9504,0.9597,0.9504,0.9508,4.0588,12,,,0.03
reference,BB12036.xml,ref,ProbCons,7,235,0.9612,0.8298,all-columns,0.8627,0.8894,0.9378,0.9492,0.9377,0.9361,5.7344,6,,,0.18
reference,BB12038.xml,ref,CRAIC built-in (progressive),10,401,0.7288,0.1775,all-columns,0.9104,0.202,0.5177,0.8343,0.5179,0.7898,13.083,237,,,11.46
reference,BB12038.xml,ref,MAFFT,10,424,0.8209,0.3603,all-columns,0.945,0.3726,0.5549,0.8874,0.5565,0.8745,16.7917,203,,,0.99
reference,BB12038.xml,ref,MUSCLE,10,396,0.8098,0.3603,all-columns,0.9205,0.399,0.5839,0.8813,0.5867,0.8676,15.9859,183,,,1.07
reference,BB12038.xml,ref,Clustal Omega,10,393,0.8155,0.3551,all-columns,0.9372,0.4071,0.6148,0.8947,0.6139,0.8658,14.5812,178,,,0.25
reference,BB12038.xml,ref,ProbCons,10,337,0.8007,0.3629,all-columns,0.8901,0.4718,0.6769,0.8699,0.6767,0.8597,12.8798,121,,,1.95
reference,BB12039.xml,ref,CRAIC built-in (progressive),11,102,0.8052,0.402,all-columns,0.8758,0.4608,0.5736,0.8625,0.573,0.8625,7.7639,46,,,6.52
reference,BB12039.xml,ref,MAFFT,11,123,0.8828,0.4118,all-columns,0.8672,0.3902,0.5449,0.8295,0.5472,0.894,7.033,61,,,0.19
reference,BB12039.xml,ref,MUSCLE,11,101,0.8251,0.4314,all-columns,0.8184,0.505,0.6095,0.8969,0.6132,0.8528,7.2711,43,,,0.08
reference,BB12039.xml,ref,Clustal Omega,11,116,0.8126,0.3922,all-columns,0.8485,0.3879,0.5616,0.8904,0.5622,0.8802,7.8027,65,,,0.03
reference,BB12039.xml,ref,ProbCons,11,102,0.8043,0.3824,all-columns,0.8173,0.4902,0.6086,0.8773,0.6102,0.8268,7.6464,42,,,0.12
reference,BB12040.xml,ref,CRAIC built-in (progressive),5,149,0.9195,0.7114,all-columns,0.9399,0.8054,0.836,0.9186,0.8356,0.9021,6.972,22,,,1.64
reference,BB12040.xml,ref,MAFFT,5,152,0.8955,0.6779,all-columns,0.9753,0.75,0.7857,0.9353,0.7866,0.8897,9.3167,32,,,0.16
reference,BB12040.xml,ref,MUSCLE,5,150,0.911,0.6846,all-columns,0.9662,0.7667,0.8089,0.9431,0.8106,0.9028,8.5447,30,,,0.03
reference,BB12040.xml,ref,Clustal Omega,5,152,0.9332,0.8054,all-columns,0.8516,0.8816,0.9189,0.9636,0.9185,0.9294,4.7105,34,,,0.01
reference,BB12040.xml,ref,ProbCons,5,150,0.9101,0.6846,all-columns,0.961,0.7667,0.8078,0.9417,0.8095,0.9014,8.4752,30,,,0.04
reference,BB12041.xml,ref,CRAIC built-in (progressive),7,129,0.6681,0.3566,all-columns,0.8196,0.4574,0.6397,0.8368,0.6375,0.7906,6.2596,61,,,3.67
reference,BB12041.xml,ref,MAFFT,7,132,0.6524,0.3023,all-columns,0.8561,0.4318,0.6593,0.8095,0.6591,0.7108,7.5071,49,,,0.15
reference,BB12041.xml,ref,MUSCLE,7,127,0.6596,0.3101,all-columns,0.8059,0.4094,0.6264,0.7707,0.6271,0.7411,5.5855,49,,,0.04
reference,BB12041.xml,ref,Clustal Omega,7,128,0.606,0.1628,all-columns,0.9011,0.2734,0.5565,0.7876,0.559,0.699,8.2651,53,,,0.01
reference,BB12041.xml,ref,ProbCons,7,123,0.6615,0.3178,all-columns,0.7882,0.4228,0.6285,0.7793,0.6335,0.7676,5.0806,48,,,0.06
reference,BB12042.xml,ref,CRAIC built-in (progressive),4,510,0.7002,0.5136,all-columns,0.8647,0.5529,0.6582,0.9021,0.6589,0.7218,14.1569,253,,,2.94
reference,BB12042.xml,ref,MAFFT,4,522,0.7149,0.5156,all-columns,0.8361,0.5747,0.6788,0.8722,0.6816,0.7579,11.6439,226,,,0.23
reference,BB12042.xml,ref,MUSCLE,4,510,0.6972,0.4903,all-columns,0.8419,0.5333,0.6578,0.8724,0.661,0.7373,13.2839,241,,,0.2
reference,BB12042.xml,ref,Clustal Omega,4,548,0.6103,0.4047,all-columns,0.8568,0.4635,0.5842,0.8509,0.5843,0.6861,14.0183,282,,,0.07
reference,BB12042.xml,ref,ProbCons,4,514,0.6958,0.4903,all-columns,0.8542,0.5311,0.6521,0.8779,0.6522,0.741,13.3277,245,,,0.33
reference,BB12043.xml,ref,CRAIC built-in (progressive),34,886,0.8293,0.157,all-columns,0.7996,0.1953,0.3545,0.845,0.3553,0.9516,17.0066,704,,,76.91
reference,BB12043.xml,ref,MAFFT,34,736,0.8608,0.1831,all-columns,0.7823,0.2174,0.3498,0.6004,0.3499,0.6951,13.0454,406,,,3.05
reference,BB12043.xml,ref,MUSCLE,34,722,0.8623,0.1759,all-columns,0.8026,0.2036,0.3505,0.6485,0.3498,0.8502,12.5128,458,,,5.07
reference,BB12043.xml,ref,Clustal Omega,34,717,0.8368,0.1817,all-columns,0.8125,0.2162,0.3601,0.6986,0.3612,0.8338,16.1021,449,,,0.76
reference,BB12043.xml,ref,ProbCons,34,842,0.8546,0.1672,all-columns,0.9249,0.171,0.3068,0.8412,0.3042,0.9334,23.0273,630,,,10.76
reference,BB12044.xml,ref,CRAIC built-in (progressive),11,658,0.8541,0.5676,all-columns,0.8648,0.6565,0.8018,0.899,0.8024,0.8636,15.3804,132,,,44.26
reference,BB12044.xml,ref,MAFFT,11,663,0.8381,0.5468,all-columns,0.8824,0.632,0.7724,0.8822,0.772,0.8458,16.6649,123,,,0.81
reference,BB12044.xml,ref,MUSCLE,11,649,0.8595,0.5884,all-columns,0.8576,0.6703,0.803,0.9038,0.8031,0.8831,14.5428,134,,,1.51
reference,BB12044.xml,ref,Clustal Omega,11,665,0.8701,0.5899,all-columns,0.892,0.6737,0.8056,0.9046,0.8063,0.8837,16.7184,132,,,0.37
reference,BB12044.xml,ref,ProbCons,11,620,0.8605,0.5706,all-columns,0.8377,0.6694,0.8089,0.9016,0.8093,0.896,14.1244,129,,,3.34
reference,BBS12001.xml,ref,CRAIC built-in (progressive),11,491,0.8123,0.4806,all-columns,0.9178,0.5519,0.7239,0.9436,0.7251,0.8202,15.2599,214,,,23.45
reference,BBS12001.xml,ref,MAFFT,11,513,0.8325,0.4748,all-columns,0.9454,0.5341,0.7234,0.8998,0.7238,0.879,15.0084,189,,,0.44
reference,BBS12001.xml,ref,MUSCLE,11,497,0.844,0.4767,all-columns,0.9205,0.5453,0.7515,0.9459,0.7529,0.8612,15.1188,219,,,0.85
reference,BBS12001.xml,ref,Clustal Omega,11,524,0.7805,0.4574,all-columns,0.954,0.5153,0.7015,0.9158,0.7028,0.8723,17.8316,202,,,0.24
reference,BBS12001.xml,ref,ProbCons,11,502,0.8363,0.4729,all-columns,0.9178,0.5359,0.7377,0.9429,0.7375,0.8531,14.9299,222,,,1.9
reference,BBS12002.xml,ref,CRAIC built-in (progressive),6,187,0.8999,0.6845,all-columns,0.8683,0.7433,0.9048,0.9048,,,,0,,,1.58
reference,BBS12002.xml,ref,MAFFT,6,187,0.9064,0.7166,all-columns,0.916,0.7487,0.9109,0.9152,0.9109,0.9116,3.118,3,,,0.15
reference,BBS12002.xml,ref,MUSCLE,6,187,0.9147,0.7433,all-columns,0.8296,0.7807,0.9187,0.9187,,,,0,,,0.06
reference,BBS12002.xml,ref,Clustal Omega,6,188,0.9197,0.7594,all-columns,0.841,0.8085,0.9216,0.9312,0.9214,0.9254,5.7083,4,,,0.02
reference,BBS12002.xml,ref,ProbCons,6,187,0.9067,0.7005,all-columns,0.8383,0.7487,0.9105,0.9105,,,,0,,,0.09
reference,BBS12003.xml,ref,CRAIC built-in (progressive),8,71,0.9126,0.7391,all-columns,0.9324,0.8169,0.9173,0.9173,,,,0,,,0.16
reference,BBS12003.xml,ref,MAFFT,8,69,0.9365,0.8116,all-columns,0.8661,0.8551,0.9301,0.9354,0.9302,0.9291,1.962,1,,,0.14
reference,BBS12003.xml,ref,MUSCLE,8,69,0.9322,0.7971,all-columns,0.837,0.8406,0.9279,0.9279,,,,0,,,0.02
reference,BBS12003.xml,ref,Clustal Omega,8,69,0.9212,0.7681,all-columns,0.8146,0.8116,0.9218,0.9183,0.9217,0.9183,-0.7831,3,,,0.01
reference,BBS12003.xml,ref,ProbCons,8,69,0.9279,0.7826,all-columns,0.8605,0.8406,0.926,0.926,,,,0,,,0.03
reference,BBS12004.xml,ref,CRAIC built-in (progressive),15,257,0.9189,0.5388,all-columns,0.8638,0.6265,0.9176,0.9411,0.9177,0.922,7.5248,28,,,22.21
reference,BBS12004.xml,ref,MAFFT,15,259,0.9455,0.7171,all-columns,0.8042,0.7683,0.9314,0.952,0.9316,0.9499,6.8077,19,,,0.3
reference,BBS12004.xml,ref,MUSCLE,15,257,0.9437,0.6628,all-columns,0.7414,0.7626,0.9417,0.9591,0.9421,0.9505,6.1464,24,,,0.52
reference,BBS12004.xml,ref,Clustal Omega,15,261,0.9029,0.5504,all-columns,0.8936,0.59,0.8861,0.929,0.8857,0.9161,9.9429,30,,,0.13
reference,BBS12004.xml,ref,ProbCons,15,257,0.9442,0.6822,all-columns,0.7545,0.7743,0.9419,0.9552,0.9419,0.9522,5.0023,24,,,1.11
reference,BBS12005.xml,ref,CRAIC built-in (progressive),9,199,0.8927,0.6364,all-columns,0.9059,0.7236,0.8899,0.9453,0.8897,0.9007,10.3562,22,,,10.09
reference,BBS12005.xml,ref,MAFFT,9,207,0.8766,0.6316,all-columns,0.8945,0.7295,0.8775,0.9396,0.877,0.8779,9.5664,26,,,0.18
reference,BBS12005.xml,ref,MUSCLE,9,204,0.9069,0.6651,all-columns,0.8231,0.7451,0.8964,0.9384,0.8963,0.9102,6.857,23,,,0.14
reference,BBS12005.xml,ref,Clustal Omega,9,210,0.8717,0.5742,all-columns,0.8729,0.6286,0.8498,0.8874,0.8497,0.8814,6.7009,24,,,0.04
reference,BBS12005.xml,ref,ProbCons,9,205,0.9202,0.7129,all-columns,0.8471,0.7805,0.8986,0.9517,0.8983,0.9344,8.5772,26,,,0.25
reference,BBS12006.xml,ref,CRAIC built-in (progressive),4,233,0.9226,0.8498,all-columns,0.9577,0.8798,0.9142,0.9515,0.9139,0.9333,9.7502,13,,,0.87
reference,BBS12006.xml,ref,MAFFT,4,237,0.8745,0.7811,all-columns,0.995,0.827,0.8776,0.9491,0.8777,0.892,12.7853,24,,,0.15
reference,BBS12006.xml,ref,MUSCLE,4,233,0.9294,0.8627,all-columns,0.9594,0.8927,0.9206,0.9581,0.9202,0.9384,9.8669,14,,,0.04
reference,BBS12006.xml,ref,Clustal Omega,4,233,0.8911,0.8112,all-columns,0.9885,0.8326,0.8805,0.931,0.8797,0.9078,10.0882,18,,,0.01
reference,BBS12006.xml,ref,ProbCons,4,233,0.9264,0.8627,all-columns,0.963,0.8884,0.917,0.958,0.9169,0.9404,9.7935,15,,,0.07
reference,BBS12007.xml,ref,CRAIC built-in (progressive),8,1038,0.8497,0.6059,all-columns,0.946,0.6744,0.8193,0.9248,0.8189,0.8727,19.6895,212,,,180.23
reference,BBS12007.xml,ref,MAFFT,8,1057,0.8379,0.6144,all-columns,0.9596,0.6651,0.7964,0.9156,0.7966,0.8721,23.1366,214,,,0.6
reference,BBS12007.xml,ref,MUSCLE,8,1043,0.8511,0.621,all-columns,0.9456,0.6836,0.8168,0.9261,0.8166,0.8777,21.3166,226,,,2.18
reference,BBS12007.xml,ref,Clustal Omega,8,1063,0.8254,0.5813,all-columns,0.9658,0.6482,0.7818,0.9306,0.7825,0.8582,26.3636,266,,,0.76
reference,BBS12007.xml,ref,ProbCons,8,1049,0.8497,0.6191,all-columns,0.9456,0.6854,0.8109,0.9213,0.8111,0.8773,18.944,216,,,5.68
reference,BBS12008.xml,ref,CRAIC built-in (progressive),13,371,0.9396,0.7143,all-columns,0.897,0.7628,0.9358,0.9521,0.9359,0.9447,8.905,21,,,30.52
reference,BBS12008.xml,ref,MAFFT,13,377,0.9203,0.7169,all-columns,0.8708,0.7639,0.9145,0.9401,0.9146,0.923,12.9166,17,,,0.43
reference,BBS12008.xml,ref,MUSCLE,13,373,0.9424,0.7196,all-columns,0.8958,0.7748,0.9403,0.9609,0.9402,0.9483,11.8717,20,,,0.86
reference,BBS12008.xml,ref,Clustal Omega,13,379,0.9197,0.6878,all-columns,0.9033,0.7256,0.904,0.932,0.9041,0.9294,10.2928,25,,,0.23
reference,BBS12008.xml,ref,ProbCons,13,374,0.9471,0.746,all-columns,0.8685,0.8021,0.945,0.9662,0.9449,0.9514,12.5478,20,,,1.7
reference,BBS12009.xml,ref,CRAIC built-in (progressive),5,68,0.9182,0.7941,all-columns,0.8042,0.8088,0.9235,0.9235,,,,0,,,0.06
reference,BBS12009.xml,ref,MAFFT,5,68,0.8408,0.5882,all-columns,0.9555,0.6471,0.8588,0.8588,,,,0,,,0.13
reference,BBS12009.xml,ref,MUSCLE,5,68,0.8467,0.6029,all-columns,0.8966,0.6618,0.8647,0.8647,,,,0,,,0.01
reference,BBS12009.xml,ref,Clustal Omega,5,68,0.817,0.5294,all-columns,1.0,0.5735,0.8279,0.869,0.8284,0.8069,4.0227,10,,,0.01
reference,BBS12009.xml,ref,ProbCons,5,68,0.8527,0.6176,all-columns,0.8745,0.6765,0.8706,0.8706,,,,0,,,0.02
reference,BBS12010.xml,ref,CRAIC built-in (progressive),7,327,0.9034,0.6687,all-columns,0.9024,0.7523,0.8911,0.913,0.8911,0.8997,9.4018,12,,,5.27
reference,BBS12010.xml,ref,MAFFT,7,330,0.8966,0.6627,all-columns,0.8998,0.7455,0.8829,0.9161,0.883,0.8954,10.8618,18,,,0.19
reference,BBS12010.xml,ref,MUSCLE,7,323,0.9044,0.6657,all-columns,0.8993,0.7554,0.8978,0.9158,0.898,0.9063,8.857,10,,,0.2
reference,BBS12010.xml,ref,Clustal Omega,7,334,0.9114,0.6837,all-columns,0.9224,0.7874,0.8933,0.9224,0.8934,0.9138,8.6073,21,,,0.06
reference,BBS12010.xml,ref,ProbCons,7,323,0.91,0.6867,all-columns,0.8817,0.7647,0.9072,0.9212,0.9074,0.9106,6.9355,10,,,0.4
reference,BBS12011.xml,ref,CRAIC built-in (progressive),12,634,0.7514,0.3518,all-columns,0.8605,0.4022,0.7204,0.9241,0.7209,0.7859,15.4773,346,,,81.37
reference,BBS12011.xml,ref,MAFFT,12,666,0.7377,0.3794,all-columns,0.8621,0.4204,0.7004,0.8743,0.7005,0.8194,17.2174,275,,,0.91
reference,BBS12011.xml,ref,MUSCLE,12,634,0.7785,0.3763,all-columns,0.8454,0.4196,0.7398,0.8969,0.7389,0.8192,15.0644,321,,,1.99
reference,BBS12011.xml,ref,Clustal Omega,12,657,0.7074,0.3564,all-columns,0.9126,0.3805,0.6658,0.879,0.6651,0.8196,17.2851,285,,,0.71
reference,BBS12011.xml,ref,ProbCons,12,643,0.7615,0.3656,all-columns,0.8617,0.4075,0.719,0.9141,0.7197,0.8098,14.9453,344,,,4.5
reference,BBS12012.xml,ref,CRAIC built-in (progressive),4,316,0.6324,0.4486,all-columns,0.9089,0.4905,0.6297,0.7812,0.6273,0.7417,9.7322,105,,,1.32
reference,BBS12012.xml,ref,MAFFT,4,333,0.5922,0.3863,all-columns,0.8894,0.4535,0.5886,0.7598,0.5887,0.7081,10.2351,120,,,0.17
reference,BBS12012.xml,ref,MUSCLE,4,314,0.5968,0.3925,all-columns,0.9325,0.4809,0.6157,0.772,0.6168,0.6906,10.9293,91,,,0.06
reference,BBS12012.xml,ref,Clustal Omega,4,348,0.5706,0.3894,all-columns,0.9227,0.4052,0.546,0.7551,0.5465,0.6872,12.3639,137,,,0.04
reference,BBS12012.xml,ref,ProbCons,4,315,0.5968,0.3925,all-columns,0.9324,0.4794,0.6138,0.7706,0.6135,0.6906,10.3041,92,,,0.1
reference,BBS12013.xml,ref,CRAIC built-in (progressive),8,701,0.9383,0.8037,all-columns,0.942,0.8331,0.9262,0.9555,0.926,0.9393,17.9293,35,,,49.06
reference,BBS12013.xml,ref,MAFFT,8,712,0.9359,0.8108,all-columns,0.9475,0.8287,0.9108,0.9552,0.9106,0.9393,20.5784,45,,,0.38
reference,BBS12013.xml,ref,MUSCLE,8,704,0.9397,0.8122,all-columns,0.9416,0.8324,0.9239,0.9552,0.9239,0.943,16.9864,40,,,1.07
reference,BBS12013.xml,ref,Clustal Omega,8,715,0.9215,0.7781,all-columns,0.955,0.8,0.8988,0.9509,0.8988,0.9337,20.6524,58,,,0.36
reference,BBS12013.xml,ref,ProbCons,8,706,0.9405,0.8151,all-columns,0.9358,0.8357,0.9236,0.9496,0.9237,0.9389,15.1126,36,,,2.58
reference,BBS12014.xml,ref,CRAIC built-in (progressive),9,49,1.0,1.0,all-columns,,1.0,1.0,1.0,,,,0,,,0.13
reference,BBS12014.xml,ref,MAFFT,9,49,1.0,1.0,all-columns,,1.0,1.0,1.0,,,,0,,,0.14
reference,BBS12014.xml,ref,MUSCLE,9,49,1.0,1.0,all-columns,,1.0,1.0,1.0,,,,0,,,0.01
reference,BBS12014.xml,ref,Clustal Omega,9,49,0.9955,0.9796,all-columns,1.0,0.9796,0.9955,0.9955,,,,0,,,0.01
reference,BBS12014.xml,ref,ProbCons,9,49,1.0,1.0,all-columns,,1.0,1.0,1.0,,,,0,,,0.02
reference,BBS12015.xml,ref,CRAIC built-in (progressive),12,148,0.9352,0.7181,all-columns,0.9584,0.8243,0.911,0.9243,0.9111,0.9079,4.1113,5,,,17.36
reference,BBS12015.xml,ref,MAFFT,12,149,0.9192,0.7047,all-columns,0.9717,0.8121,0.8981,0.9096,0.8982,0.9016,3.3717,5,,,0.17
reference,BBS12015.xml,ref,MUSCLE,12,148,0.9352,0.7181,all-columns,0.9269,0.8243,0.9105,0.9246,0.9104,0.9138,3.6172,6,,,0.09
reference,BBS12015.xml,ref,Clustal Omega,12,149,0.906,0.6779,all-columns,0.9847,0.8121,0.8972,0.9212,0.898,0.8992,5.8361,7,,,0.04
reference,BBS12015.xml,ref,ProbCons,12,141,0.9377,0.698,all-columns,0.9383,0.8227,0.9137,0.9177,0.9137,0.916,1.8495,2,,,0.17
reference,BBS12016.xml,ref,CRAIC built-in (progressive),5,100,0.8712,0.6952,all-columns,0.8597,0.74,0.877,0.9,0.8759,0.8747,3.9899,9,,,1.35
reference,BBS12016.xml,ref,MAFFT,5,103,0.8471,0.6381,all-columns,0.9377,0.699,0.8447,0.9022,0.8442,0.8587,6.2913,11,,,0.14
reference,BBS12016.xml,ref,MUSCLE,5,104,0.8974,0.7524,all-columns,0.7894,0.7981,0.8984,0.9187,0.8979,0.8956,2.5289,13,,,0.02
reference,BBS12016.xml,ref,Clustal Omega,5,109,0.7787,0.5905,all-columns,0.9088,0.6422,0.7636,0.89,0.7635,0.8113,6.4612,29,,,0.01
reference,BBS12016.xml,ref,ProbCons,5,104,0.8984,0.7619,all-columns,0.7851,0.8077,0.8994,0.9198,0.8988,0.8967,2.4532,13,,,0.02
reference,BBS12017.xml,ref,CRAIC built-in (progressive),7,471,0.9025,0.6917,all-columns,0.9285,0.7452,0.8688,0.9377,0.8687,0.913,14.9221,72,,,9.34
reference,BBS12017.xml,ref,MAFFT,7,489,0.8775,0.6775,all-columns,0.947,0.7239,0.8295,0.936,0.8291,0.9117,16.403,87,,,0.26
reference,BBS12017.xml,ref,MUSCLE,7,472,0.9046,0.7018,all-columns,0.9246,0.7627,0.871,0.9441,0.8718,0.9163,12.8731,75,,,0.45
reference,BBS12017.xml,ref,Clustal Omega,7,492,0.8847,0.6775,all-columns,0.9501,0.7053,0.8191,0.9406,0.8193,0.9189,18.8019,91,,,0.13
reference,BBS12017.xml,ref,ProbCons,7,471,0.9047,0.7018,all-columns,0.9282,0.7601,0.8698,0.9476,0.8696,0.9204,15.4185,77,,,0.85
reference,BBS12018.xml,ref,CRAIC built-in (progressive),4,806,0.9339,0.8426,all-columns,0.9445,0.8759,0.927,0.9472,0.9271,0.9301,13.1022,36,,,9.79
reference,BBS12018.xml,ref,MAFFT,4,808,0.9176,0.8265,all-columns,0.9693,0.8527,0.9055,0.9678,0.9059,0.9411,20.2996,104,,,0.25
reference,BBS12018.xml,ref,MUSCLE,4,806,0.9383,0.8501,all-columns,0.9591,0.8871,0.9322,0.9682,0.9322,0.9391,16.4604,67,,,0.44
reference,BBS12018.xml,ref,Clustal Omega,4,815,0.9154,0.8203,all-columns,0.9784,0.8528,0.9006,0.9634,0.9006,0.9303,20.757,86,,,0.16
reference,BBS12018.xml,ref,ProbCons,4,806,0.9387,0.8501,all-columns,0.958,0.8883,0.9328,0.9682,0.9328,0.9398,16.2562,67,,,0.83
reference,BBS12019.xml,ref,CRAIC built-in (progressive),5,542,0.8803,0.7347,all-columns,0.8415,0.762,0.8692,0.8798,0.8693,0.8781,7.4821,10,,,8.25
reference,BBS12019.xml,ref,MAFFT,5,543,0.8747,0.7199,all-columns,0.8651,0.7514,0.864,0.883,0.8641,0.8769,8.7719,19,,,0.2
reference,BBS12019.xml,ref,MUSCLE,5,542,0.877,0.731,all-columns,0.8455,0.762,0.868,0.8785,0.8681,0.8766,5.7202,11,,,0.26
reference,BBS12019.xml,ref,Clustal Omega,5,550,0.8583,0.6994,all-columns,0.888,0.72,0.8372,0.8607,0.837,0.86,9.7727,20,,,0.09
reference,BBS12019.xml,ref,ProbCons,5,542,0.8776,0.731,all-columns,0.8449,0.762,0.8692,0.8792,0.8694,0.8778,5.5252,11,,,0.5
reference,BBS12020.xml,ref,CRAIC built-in (progressive),4,124,0.8688,0.7317,all-columns,0.8722,0.7661,0.8616,0.8933,0.8618,0.8728,4.5002,10,,,0.18
reference,BBS12020.xml,ref,MAFFT,4,125,0.8345,0.7154,all-columns,0.9028,0.736,0.8213,0.9103,0.8207,0.8333,8.1634,21,,,0.16
reference,BBS12020.xml,ref,MUSCLE,4,124,0.8673,0.7236,all-columns,0.8595,0.7661,0.8602,0.8914,0.8604,0.869,4.1004,12,,,0.03
reference,BBS12020.xml,ref,Clustal Omega,4,184,0.3081,0.0163,all-columns,0.9928,0.6141,0.7138,0.9402,0.7137,0.6182,11.4969,67,,,0.01
reference,BBS12020.xml,ref,ProbCons,4,124,0.8673,0.7236,all-columns,0.8595,0.7661,0.8602,0.8914,0.8604,0.869,4.1004,12,,,0.02
reference,BBS12021.xml,ref,CRAIC built-in (progressive),6,73,0.9161,0.7403,all-columns,0.8923,0.8082,0.9142,0.9343,0.914,0.9257,4.3571,3,,,0.11
reference,BBS12021.xml,ref,MAFFT,6,80,0.8476,0.6494,all-columns,0.8475,0.7375,0.8412,0.8775,0.8411,0.8634,3.5196,9,,,0.13
reference,BBS12021.xml,ref,MUSCLE,6,75,0.8939,0.6753,all-columns,0.8966,0.7733,0.9013,0.9146,0.9015,0.8958,2.5593,4,,,0.02
reference,BBS12021.xml,ref,Clustal Omega,6,77,0.866,0.6623,all-columns,0.9558,0.7273,0.8632,0.9061,0.864,0.8667,3.9497,11,,,0.01
reference,BBS12021.xml,ref,ProbCons,6,75,0.9016,0.6883,all-columns,0.8824,0.7867,0.9084,0.9221,0.9085,0.9033,2.6114,4,,,0.02
reference,BBS12022.xml,ref,CRAIC built-in (progressive),5,84,0.9494,0.881,all-columns,0.7347,0.9167,0.9524,0.9518,0.9524,0.9518,-0.3108,1,,,0.34
reference,BBS12022.xml,ref,MAFFT,5,84,0.9482,0.869,all-columns,0.8076,0.9048,0.9405,0.9432,0.9401,0.9506,0.8556,3,,,0.16
reference,BBS12022.xml,ref,MUSCLE,5,84,0.9355,0.8333,all-columns,0.8074,0.8929,0.9393,0.9434,0.9392,0.9386,2.0575,1,,,0.01
reference,BBS12022.xml,ref,Clustal Omega,5,85,0.9368,0.8452,all-columns,0.7339,0.8941,0.9424,0.9417,0.9423,0.9417,-0.3365,1,,,0.01
reference,BBS12022.xml,ref,ProbCons,5,84,0.9355,0.8333,all-columns,0.8074,0.8929,0.9393,0.9434,0.9392,0.9386,2.0575,1,,,0.02
reference,BBS12023.xml,ref,CRAIC built-in (progressive),5,740,0.8845,0.6926,all-columns,0.8638,0.7919,0.8725,0.9068,0.8724,0.8838,9.8623,83,,,11.17
reference,BBS12023.xml,ref,MAFFT,5,749,0.878,0.6819,all-columns,0.8778,0.7891,0.8705,0.9155,0.8705,0.8818,12.8431,95,,,0.28
reference,BBS12023.xml,ref,MUSCLE,5,747,0.8712,0.6711,all-columns,0.873,0.7644,0.8562,0.8997,0.8564,0.8737,11.9773,89,,,0.49
reference,BBS12023.xml,ref,Clustal Omega,5,749,0.8727,0.6711,all-columns,0.887,0.7677,0.8523,0.9141,0.8528,0.8839,13.6591,115,,,0.16
reference,BBS12023.xml,ref,ProbCons,5,747,0.873,0.6738,all-columns,0.8766,0.7711,0.8594,0.901,0.8598,0.8735,12.09,88,,,1.01
reference,BBS12024.xml,ref,CRAIC built-in (progressive),4,237,0.9276,0.8285,all-columns,0.8638,0.8565,0.9177,0.9224,0.9177,0.9209,3.1439,3,,,0.79
reference,BBS12024.xml,ref,MAFFT,4,237,0.906,0.7782,all-columns,0.9011,0.8228,0.8994,0.9204,0.8992,0.899,6.7647,11,,,0.15
reference,BBS12024.xml,ref,MUSCLE,4,237,0.9299,0.8368,all-columns,0.8574,0.8608,0.9198,0.9245,0.9198,0.9231,3.2438,3,,,0.04
reference,BBS12024.xml,ref,Clustal Omega,4,239,0.9254,0.8075,all-columns,0.8669,0.8577,0.9177,0.9336,0.9178,0.9192,5.8593,8,,,0.02
reference,BBS12024.xml,ref,ProbCons,4,237,0.9299,0.8368,all-columns,0.8547,0.8608,0.9198,0.9267,0.9198,0.9224,3.3871,5,,,0.07
reference,BBS12025.xml,ref,CRAIC built-in (progressive),4,120,0.8165,0.625,all-columns,0.8781,0.6667,0.7819,0.8226,0.782,0.8303,4.4729,11,,,0.7
reference,BBS12025.xml,ref,MAFFT,4,120,0.7737,0.5417,all-columns,0.9204,0.6083,0.7653,0.8548,0.7685,0.828,5.3631,27,,,0.15
reference,BBS12025.xml,ref,MUSCLE,4,120,0.8211,0.625,all-columns,0.8756,0.675,0.7903,0.8365,0.7904,0.8524,4.0935,15,,,0.01
reference,BBS12025.xml,ref,Clustal Omega,4,120,0.8272,0.7083,all-columns,0.8267,0.7417,0.8125,0.9101,0.8151,0.8333,5.1493,31,,,0.01
reference,BBS12025.xml,ref,ProbCons,4,120,0.8242,0.625,all-columns,0.8712,0.675,0.7931,0.8333,0.7931,0.8569,4.08,14,,,0.02
reference,BBS12026.xml,ref,CRAIC built-in (progressive),18,265,0.8955,0.5593,all-columns,0.916,0.6,0.8732,0.9455,0.8732,0.9296,12.8359,40,,,42.92
reference,BBS12026.xml,ref,MAFFT,18,277,0.8773,0.5222,all-columns,0.9462,0.556,0.8264,0.9074,0.8268,0.8922,13.0811,37,,,0.29
reference,BBS12026.xml,ref,MUSCLE,18,265,0.8897,0.5444,all-columns,0.926,0.5887,0.8665,0.9408,0.867,0.9315,12.5758,42,,,0.83
reference,BBS12026.xml,ref,Clustal Omega,18,276,0.8582,0.5111,all-columns,0.9571,0.5399,0.8141,0.9202,0.8147,0.8962,13.7743,48,,,0.16
reference,BBS12026.xml,ref,ProbCons,18,268,0.889,0.5519,all-columns,0.9268,0.5896,0.8593,0.9334,0.8595,0.9226,11.4624,43,,,1.44
reference,BBS12027.xml,ref,CRAIC built-in (progressive),13,215,0.9401,0.6959,all-columns,0.7484,0.7767,0.9263,0.9407,0.9265,0.9306,5.74,9,,,13.69
reference,BBS12027.xml,ref,MAFFT,13,214,0.9413,0.7143,all-columns,0.7916,0.7944,0.9261,0.9469,0.9259,0.9313,10.6425,7,,,0.23
reference,BBS12027.xml,ref,MUSCLE,13,213,0.9405,0.7005,all-columns,0.8082,0.7887,0.9302,0.9404,0.9301,0.9336,5.0652,7,,,0.3
reference,BBS12027.xml,ref,Clustal Omega,13,219,0.9157,0.7143,all-columns,0.8555,0.7626,0.893,0.9285,0.8931,0.9173,8.8832,15,,,0.07
reference,BBS12027.xml,ref,ProbCons,13,213,0.9368,0.7051,all-columns,0.8215,0.784,0.9263,0.9449,0.9265,0.9351,6.4997,11,,,0.6
reference,BBS12028.xml,ref,CRAIC built-in (progressive),8,239,0.8609,0.567,all-columns,0.8645,0.6611,0.7981,0.9461,0.7981,0.8687,10.7979,63,,,4.35
reference,BBS12028.xml,ref,MAFFT,8,247,0.8312,0.5517,all-columns,0.9142,0.6113,0.7405,0.925,0.7388,0.8533,12.8533,63,,,0.19
reference,BBS12028.xml,ref,MUSCLE,8,242,0.8481,0.567,all-columns,0.8806,0.6488,0.7771,0.9239,0.777,0.8638,11.7141,59,,,0.13
reference,BBS12028.xml,ref,Clustal Omega,8,258,0.7863,0.4981,all-columns,0.9305,0.562,0.7166,0.9144,0.715,0.8602,13.4478,79,,,0.05
reference,BBS12028.xml,ref,ProbCons,8,244,0.8481,0.5709,all-columns,0.8737,0.6434,0.7687,0.9172,0.7693,0.8627,12.794,57,,,0.28
reference,BBS12029.xml,ref,CRAIC built-in (progressive),12,301,0.9575,0.8127,all-columns,0.9547,0.8704,0.9458,0.9497,0.9458,0.9455,5.4995,2,,,9.48
reference,BBS12029.xml,ref,MAFFT,12,300,0.9468,0.7793,all-columns,0.9806,0.8467,0.9254,0.9367,0.9255,0.9242,7.3436,5,,,0.22
reference,BBS12029.xml,ref,MUSCLE,12,300,0.9575,0.8027,all-columns,0.957,0.8633,0.9394,0.9438,0.9394,0.939,5.9955,2,,,0.37
reference,BBS12029.xml,ref,Clustal Omega,12,298,0.9407,0.7291,all-columns,0.9694,0.7953,0.9225,0.936,0.9225,0.9238,8.1557,8,,,0.07
reference,BBS12029.xml,ref,ProbCons,12,300,0.9549,0.7993,all-columns,0.9581,0.8633,0.9397,0.9415,0.9397,0.9395,3.3448,1,,,0.67
reference,BBS12030.xml,ref,CRAIC built-in (progressive),6,239,0.9508,0.875,all-columns,0.9065,0.8912,0.947,0.947,,,,0,,,2.76
reference,BBS12030.xml,ref,MAFFT,6,239,0.917,0.8,all-columns,0.9539,0.8326,0.918,0.9429,0.9181,0.9212,8.8861,9,,,0.15
reference,BBS12030.xml,ref,MUSCLE,6,239,0.9379,0.8375,all-columns,0.9415,0.8703,0.9385,0.9413,0.9385,0.9382,4.2596,1,,,0.1
reference,BBS12030.xml,ref,Clustal Omega,6,239,0.9201,0.8042,all-columns,0.9455,0.841,0.9194,0.9443,0.9194,0.9281,8.7104,9,,,0.02
reference,BBS12030.xml,ref,ProbCons,6,239,0.9356,0.8292,all-columns,0.9432,0.8619,0.9363,0.9363,,,,0,,,0.16
reference,BBS12031.xml,ref,CRAIC built-in (progressive),10,992,0.7856,0.4975,all-columns,0.9467,0.5363,0.7152,0.8894,0.7157,0.8339,23.2671,300,,,205.89
reference,BBS12031.xml,ref,MAFFT,10,1019,0.7845,0.5064,all-columns,0.9505,0.528,0.6981,0.8741,0.6975,0.8551,25.6503,294,,,1.07
reference,BBS12031.xml,ref,MUSCLE,10,1005,0.7917,0.5025,all-columns,0.9448,0.5294,0.7117,0.8838,0.7117,0.8599,22.6128,305,,,3.15
reference,BBS12031.xml,ref,Clustal Omega,10,1028,0.7801,0.5064,all-columns,0.9433,0.5214,0.7036,0.8829,0.7038,0.8701,23.288,311,,,1.14
reference,BBS12031.xml,ref,ProbCons,10,1011,0.7869,0.4946,all-columns,0.9577,0.5153,0.7002,0.8894,0.7003,0.8557,22.6557,324,,,7.34
reference,BBS12032.xml,ref,CRAIC built-in (progressive),9,68,0.8913,0.5652,all-columns,0.7395,0.6324,0.8779,0.9208,0.8783,0.9209,3.2925,18,,,0.19
reference,BBS12032.xml,ref,MAFFT,9,70,0.8721,0.5652,all-columns,0.7404,0.6286,0.8579,0.915,0.8579,0.887,4.1974,15,,,0.14
reference,BBS12032.xml,ref,MUSCLE,9,68,0.9062,0.6087,all-columns,0.7253,0.6765,0.8927,0.9333,0.8929,0.9331,2.9208,19,,,0.03
reference,BBS12032.xml,ref,Clustal Omega,9,70,0.7793,0.4203,all-columns,0.8396,0.5429,0.7727,0.8594,0.7728,0.7898,3.9791,19,,,0.01
reference,BBS12032.xml,ref,ProbCons,9,68,0.9087,0.6232,all-columns,0.694,0.6912,0.8951,0.9289,0.8961,0.9353,2.459,18,,,0.04
reference,BBS12033.xml,ref,CRAIC built-in (progressive),7,335,0.7783,0.5058,all-columns,0.8964,0.606,0.746,0.9212,0.7435,0.8129,10.6088,140,,,3.72
reference,BBS12033.xml,ref,MAFFT,7,346,0.7656,0.4825,all-columns,0.9184,0.578,0.7057,0.8687,0.7067,0.8164,10.0982,123,,,0.24
reference,BBS12033.xml,ref,MUSCLE,7,335,0.7738,0.5,all-columns,0.918,0.594,0.7382,0.9158,0.7359,0.8074,11.5808,130,,,0.21
reference,BBS12033.xml,ref,Clustal Omega,7,356,0.7298,0.4327,all-columns,0.8687,0.5478,0.6871,0.8437,0.687,0.7722,9.7568,130,,,0.07
reference,BBS12033.xml,ref,ProbCons,7,335,0.7799,0.5058,all-columns,0.8998,0.6119,0.7476,0.9239,0.7472,0.8109,12.1896,129,,,0.36
reference,BBS12034.xml,ref,CRAIC built-in (progressive),4,272,0.8844,0.7582,all-columns,0.8737,0.7868,0.8799,0.8866,0.8797,0.8772,3.1732,6,,,1.08
reference,BBS12034.xml,ref,MAFFT,4,274,0.8787,0.7509,all-columns,0.8699,0.792,0.8777,0.9024,0.8774,0.8777,7.7691,11,,,0.16
reference,BBS12034.xml,ref,MUSCLE,4,273,0.8812,0.7546,all-columns,0.8766,0.7839,0.8742,0.8851,0.8742,0.8752,4.7656,6,,,0.07
reference,BBS12034.xml,ref,Clustal Omega,4,276,0.8985,0.7839,all-columns,0.8606,0.808,0.8853,0.9036,0.8851,0.8991,5.542,15,,,0.02
reference,BBS12034.xml,ref,ProbCons,4,273,0.8831,0.7582,all-columns,0.8711,0.7875,0.8761,0.887,0.876,0.877,4.7624,6,,,0.1
reference,BBS12035.xml,ref,CRAIC built-in (progressive),27,246,0.9052,0.4672,all-columns,0.7882,0.5488,0.8567,0.9612,0.8549,0.9313,6.9185,116,,,63.75
reference,BBS12035.xml,ref,MAFFT,27,247,0.9122,0.4631,all-columns,0.8174,0.583,0.8593,0.9098,0.8597,0.9131,7.9798,41,,,0.51
reference,BBS12035.xml,ref,MUSCLE,27,237,0.9265,0.5164,all-columns,0.7489,0.6287,0.897,0.9475,0.898,0.9484,6.6064,59,,,1.32
reference,BBS12035.xml,ref,Clustal Omega,27,246,0.8857,0.3934,all-columns,0.8375,0.5,0.8322,0.9193,0.8314,0.9255,10.0097,57,,,0.21
reference,BBS12035.xml,ref,ProbCons,27,244,0.9224,0.5041,all-columns,0.7603,0.6066,0.8746,0.9436,0.8734,0.948,7.6992,69,,,2.93
reference,BBS12036.xml,ref,CRAIC built-in (progressive),7,217,0.9741,0.8802,all-columns,0.9002,0.9263,0.9692,0.9692,,,,0,,,3.78
reference,BBS12036.xml,ref,MAFFT,7,217,0.9484,0.8571,all-columns,0.9375,0.9124,0.9515,0.9752,0.9514,0.9499,13.1831,7,,,0.16
reference,BBS12036.xml,ref,MUSCLE,7,217,0.9743,0.8802,all-columns,0.9141,0.9217,0.9663,0.9663,,,,0,,,0.09
reference,BBS12036.xml,ref,Clustal Omega,7,218,0.9569,0.8387,all-columns,0.937,0.8853,0.9464,0.9579,0.9463,0.9516,8.1484,4,,,0.02
reference,BBS12036.xml,ref,ProbCons,7,217,0.9743,0.8802,all-columns,0.9141,0.9217,0.9663,0.9663,,,,0,,,0.16
reference,BBS12037.xml,ref,CRAIC built-in (progressive),13,542,0.8284,0.4759,all-columns,0.8423,0.5406,0.7661,0.9523,0.7653,0.8638,13.5687,248,,,41.48
reference,BBS12037.xml,ref,MAFFT,13,546,0.8268,0.4815,all-columns,0.8495,0.5458,0.7577,0.9121,0.7576,0.8947,15.3623,181,,,0.78
reference,BBS12037.xml,ref,MUSCLE,13,533,0.8442,0.4907,all-columns,0.8418,0.5591,0.782,0.9548,0.782,0.9037,12.6802,242,,,1.59
reference,BBS12037.xml,ref,Clustal Omega,13,558,0.7928,0.4315,all-columns,0.8811,0.5054,0.7319,0.9156,0.731,0.8767,15.894,203,,,0.43
reference,BBS12037.xml,ref,ProbCons,13,537,0.8379,0.5037,all-columns,0.8433,0.5698,0.777,0.9655,0.7767,0.9001,14.2939,250,,,3.4
reference,BBS12038.xml,ref,CRAIC built-in (progressive),10,267,0.8941,0.6081,all-columns,0.8658,0.6854,0.8795,0.9329,0.8801,0.9129,7.3617,68,,,16.16
reference,BBS12038.xml,ref,MAFFT,10,271,0.8471,0.5092,all-columns,0.8712,0.5978,0.826,0.8681,0.8253,0.8499,7.1443,35,,,0.2
reference,BBS12038.xml,ref,MUSCLE,10,267,0.8855,0.5714,all-columns,0.8552,0.6629,0.8719,0.9192,0.8732,0.9025,6.8621,54,,,0.23
reference,BBS12038.xml,ref,Clustal Omega,10,270,0.8489,0.4982,all-columns,0.8426,0.6,0.8253,0.9093,0.8249,0.8669,10.7814,59,,,0.07
reference,BBS12038.xml,ref,ProbCons,10,264,0.8927,0.6044,all-columns,0.8821,0.6894,0.8792,0.9315,0.8785,0.909,8.3333,56,,,0.5
reference,BBS12039.xml,ref,CRAIC built-in (progressive),11,82,0.8672,0.5238,all-columns,0.8979,0.5732,0.7731,0.9161,0.7714,0.8832,7.2373,25,,,0.31
reference,BBS12039.xml,ref,MAFFT,11,84,0.9019,0.5238,all-columns,0.9248,0.5833,0.7878,0.9221,0.7883,0.8822,6.8995,23,,,0.15
reference,BBS12039.xml,ref,MUSCLE,11,82,0.8858,0.5714,all-columns,0.8684,0.622,0.8044,0.9384,0.8058,0.8884,6.0385,24,,,0.04
reference,BBS12039.xml,ref,Clustal Omega,11,87,0.8185,0.4167,all-columns,0.9239,0.4598,0.6556,0.8754,0.6581,0.8553,7.4335,29,,,0.01
reference,BBS12039.xml,ref,ProbCons,11,81,0.8721,0.5476,all-columns,0.8648,0.6049,0.8052,0.9221,0.805,0.8703,6.6461,23,,,0.05
reference,BBS12040.xml,ref,CRAIC built-in (progressive),5,134,0.9315,0.7687,all-columns,0.9407,0.8731,0.9104,0.943,0.911,0.9086,5.5149,10,,,1.46
reference,BBS12040.xml,ref,MAFFT,5,135,0.9219,0.7612,all-columns,0.9657,0.8444,0.883,0.935,0.8834,0.8878,7.1969,12,,,0.15
reference,BBS12040.xml,ref,MUSCLE,5,134,0.935,0.791,all-columns,0.9675,0.8507,0.898,0.9693,0.8975,0.9282,8.5342,18,,,0.06
reference,BBS12040.xml,ref,Clustal Omega,5,137,0.9324,0.7836,all-columns,0.9594,0.8686,0.91,0.9642,0.9099,0.9306,7.1941,17,,,0.01
reference,BBS12040.xml,ref,ProbCons,5,134,0.9306,0.7687,all-columns,0.9638,0.8433,0.8918,0.9627,0.8906,0.911,8.4764,16,,,0.03
reference,BBS12041.xml,ref,CRAIC built-in (progressive),7,121,0.7192,0.3898,all-columns,0.7991,0.4711,0.7039,0.8327,0.7064,0.7981,4.8729,50,,,2.26
reference,BBS12041.xml,ref,MAFFT,7,122,0.6515,0.2966,all-columns,0.8553,0.4344,0.6678,0.8095,0.6677,0.6799,6.5474,43,,,0.16
reference,BBS12041.xml,ref,MUSCLE,7,122,0.7332,0.4068,all-columns,0.7868,0.5082,0.7169,0.8095,0.7169,0.7613,4.4876,39,,,0.04
reference,BBS12041.xml,ref,Clustal Omega,7,123,0.6206,0.1864,all-columns,0.8576,0.3089,0.5966,0.7737,0.5967,0.7059,6.705,49,,,0.01
reference,BBS12041.xml,ref,ProbCons,7,121,0.7206,0.4237,all-columns,0.7751,0.5041,0.7041,0.8293,0.7029,0.7833,5.9316,43,,,0.06
reference,BBS12042.xml,ref,CRAIC built-in (progressive),4,496,0.7179,0.5374,all-columns,0.8526,0.5806,0.6845,0.8981,0.6838,0.7403,14.5135,213,,,2.3
reference,BBS12042.xml,ref,MAFFT,4,515,0.7072,0.5276,all-columns,0.8586,0.5864,0.6835,0.8937,0.6842,0.7201,13.9296,206,,,0.2
reference,BBS12042.xml,ref,MUSCLE,4,506,0.7216,0.5256,all-columns,0.8265,0.5771,0.693,0.8788,0.6942,0.7654,12.6206,209,,,0.18
reference,BBS12042.xml,ref,Clustal Omega,4,536,0.6124,0.4134,all-columns,0.8477,0.4832,0.6048,0.8463,0.6052,0.6572,15.1814,254,,,0.07
reference,BBS12042.xml,ref,ProbCons,4,505,0.7201,0.5217,all-columns,0.8307,0.5762,0.6931,0.8834,0.6935,0.7658,13.3523,209,,,0.26
reference,BBS12043.xml,ref,CRAIC built-in (progressive),34,259,0.9308,0.4078,all-columns,0.7716,0.5328,0.8934,0.9712,0.8938,0.9534,7.6421,99,,,201.39
reference,BBS12043.xml,ref,MAFFT,34,265,0.9261,0.4149,all-columns,0.7812,0.5509,0.875,0.9462,0.8752,0.9271,9.7063,50,,,0.82
reference,BBS12043.xml,ref,MUSCLE,34,255,0.9399,0.4539,all-columns,0.7631,0.5608,0.8942,0.9574,0.8933,0.957,7.9779,66,,,2.44
reference,BBS12043.xml,ref,Clustal Omega,34,270,0.9051,0.4007,all-columns,0.8574,0.4852,0.8437,0.9522,0.8434,0.9425,10.4684,77,,,0.36
reference,BBS12043.xml,ref,ProbCons,34,256,0.9398,0.4291,all-columns,0.7652,0.5391,0.8972,0.9496,0.8961,0.9644,7.2777,70,,,4.82
reference,BBS12044.xml,ref,CRAIC built-in (progressive),11,638,0.8826,0.5926,all-columns,0.8523,0.6803,0.8363,0.9024,0.8368,0.8875,12.3314,106,,,39.69
reference,BBS12044.xml,ref,MAFFT,11,648,0.8505,0.5651,all-columns,0.8816,0.6435,0.7867,0.8829,0.7868,0.8554,17.1857,109,,,0.58
reference,BBS12044.xml,ref,MUSCLE,11,637,0.8749,0.608,all-columns,0.8618,0.686,0.8278,0.9117,0.828,0.883,15.7282,116,,,1.43
reference,BBS12044.xml,ref,Clustal Omega,11,650,0.8753,0.6034,all-columns,0.8875,0.6846,0.8177,0.9034,0.818,0.8848,14.7955,117,,,0.34
reference,BBS12044.xml,ref,ProbCons,11,606,0.8771,0.5896,all-columns,0.8357,0.6865,0.8303,0.9067,0.8302,0.8942,14.231,108,,,3.22
reference,BB20001.xml,ref,CRAIC built-in (progressive),16,765,0.4452,0.217,all-columns,0.9405,0.251,0.4441,0.6574,0.443,0.3343,16.9631,336,,,7.17
reference,BB20001.xml,ref,MAFFT,16,715,0.4205,0.1752,all-columns,0.9516,0.2252,0.4733,0.6204,0.4735,0.3448,14.5925,258,,,0.73
reference,BB20001.xml,ref,MUSCLE,16,724,0.4279,0.2183,all-columns,0.9315,0.2569,0.4745,0.6207,0.4736,0.3716,14.4947,266,,,1.28
reference,BB20001.xml,ref,Clustal Omega,16,774,0.4446,0.3033,all-columns,0.9377,0.3152,0.5253,0.7094,0.5252,0.4468,17.7224,274,,,0.2
reference,BB20001.xml,ref,ProbCons,16,694,0.414,0.2157,all-columns,0.9164,0.3055,0.5294,0.6621,0.5277,0.4864,14.8861,218,,,1.68
reference,BB20005.xml,ref,CRAIC built-in (progressive),42,506,0.7472,0.0283,all-columns,0.6031,0.0791,0.7125,0.8274,0.7119,0.7665,10.3198,217,,,104.93
reference,BB20005.xml,ref,MAFFT,42,548,0.8238,0.1184,all-columns,0.5347,0.1715,0.7206,0.8282,0.7203,0.8339,14.9361,124,,,2.93
reference,BB20005.xml,ref,MUSCLE,42,460,0.7919,0.0318,all-columns,0.6042,0.0696,0.7679,0.8088,0.768,0.7985,6.3011,156,,,17.45
reference,BB20005.xml,ref,Clustal Omega,42,574,0.7638,0.0459,all-columns,0.6407,0.0784,0.6715,0.8016,0.6711,0.8072,18.1263,151,,,0.99
reference,BB20005.xml,ref,ProbCons,42,514,0.7838,0.076,all-columns,0.3776,0.1654,0.7674,0.8239,0.7671,0.7967,7.4113,166,,,26.65
reference,BB20006.xml,ref,CRAIC built-in (progressive),51,282,0.9476,0.4644,all-columns,0.758,0.578,0.903,0.9717,0.9024,0.9695,9.0411,92,,,103.72
reference,BB20006.xml,ref,MAFFT,51,289,0.9623,0.4712,all-columns,0.6733,0.5744,0.9248,0.9466,0.926,0.9607,4.4742,42,,,1.45
reference,BB20006.xml,ref,MUSCLE,51,281,0.9481,0.4068,all-columns,0.7449,0.5302,0.8925,0.965,0.8936,0.96,9.1364,55,,,6.34
reference,BB20006.xml,ref,Clustal Omega,51,288,0.9256,0.4881,all-columns,0.7073,0.5729,0.9196,0.9566,0.9194,0.9516,7.1038,58,,,0.57
reference,BB20006.xml,ref,ProbCons,51,286,0.9493,0.4339,all-columns,0.6391,0.5804,0.9383,0.966,0.938,0.9641,5.7265,63,,,14.42
reference,BB20007.xml,ref,CRAIC built-in (progressive),23,515,0.7349,0.249,all-columns,0.777,0.3126,0.6504,0.9423,0.6533,0.924,8.036,442,,,27.46
reference,BB20007.xml,ref,MAFFT,23,534,0.7762,0.2959,all-columns,0.8989,0.309,0.663,0.8987,0.6629,0.8779,16.9533,236,,,1.76
reference,BB20007.xml,ref,MUSCLE,23,479,0.7745,0.2673,all-columns,0.7939,0.3382,0.7108,0.9276,0.7094,0.9005,11.989,286,,,3.97
reference,BB20007.xml,ref,Clustal Omega,23,516,0.7542,0.2735,all-columns,0.8736,0.3023,0.66,0.8866,0.6598,0.8462,17.6512,221,,,0.67
reference,BB20007.xml,ref,ProbCons,23,519,0.7796,0.3408,all-columns,0.7959,0.3873,0.6912,0.9267,0.6898,0.9053,12.6564,301,,,6.89
reference,BB20009.xml,ref,CRAIC built-in (progressive),29,459,0.9044,0.3941,all-columns,0.7328,0.5643,0.8661,0.9385,0.8665,0.9039,12.2528,89,,,33.6
reference,BB20009.xml,ref,MAFFT,29,456,0.9034,0.4009,all-columns,0.8257,0.5219,0.8002,0.9341,0.8004,0.9025,18.2399,90,,,0.97
reference,BB20009.xml,ref,MUSCLE,29,452,0.9119,0.4487,all-columns,0.8496,0.5973,0.817,0.9311,0.8169,0.9076,15.5766,81,,,4.33
reference,BB20009.xml,ref,Clustal Omega,29,461,0.9252,0.4556,all-columns,0.8382,0.564,0.7996,0.9501,0.8003,0.937,17.9421,108,,,0.37
reference,BB20009.xml,ref,ProbCons,29,482,0.908,0.4282,all-columns,0.8189,0.5643,0.8183,0.939,0.8186,0.9074,18.4846,110,,,9.23
reference,BB20011.xml,ref,CRAIC built-in (progressive),21,359,0.7873,0.0844,all-columns,0.675,0.4568,0.6176,0.8597,0.6201,0.8229,8.16,222,,,6.02
reference,BB20011.xml,ref,MAFFT,21,422,0.862,0.1611,all-columns,0.8299,0.2109,0.3988,0.8997,0.3969,0.9035,13.1993,323,,,0.59
reference,BB20011.xml,ref,MUSCLE,21,395,0.8183,0.1304,all-columns,0.7661,0.3671,0.5193,0.7978,0.5174,0.6813,10.6012,239,,,0.86
reference,BB20011.xml,ref,Clustal Omega,21,419,0.8224,0.1381,all-columns,0.9143,0.2029,0.3871,0.9058,0.3892,0.8564,16.6868,304,,,0.12
reference,BB20011.xml,ref,ProbCons,21,445,0.7646,0.0128,all-columns,0.7786,0.2225,0.4173,0.5618,0.4174,0.6363,8.1723,216,,,1.25
reference,BB20012.xml,ref,CRAIC built-in (progressive),27,903,0.6468,0.0757,all-columns,0.8104,0.2791,0.524,0.7824,0.5243,0.6539,20.2438,442,,,42.77
reference,BB20012.xml,ref,MAFFT,27,837,0.6706,0.0674,all-columns,0.8296,0.1792,0.5477,0.7185,0.5479,0.6218,18.0528,374,,,2.03
reference,BB20012.xml,ref,MUSCLE,27,818,0.6687,0.1608,all-columns,0.6887,0.4169,0.6906,0.8015,0.6904,0.6247,11.6035,315,,,6.73
reference,BB20012.xml,ref,Clustal Omega,27,858,0.6654,0.1442,all-columns,0.9061,0.289,0.5732,0.7735,0.5731,0.603,18.5438,361,,,0.52
reference,BB20012.xml,ref,ProbCons,27,889,0.656,0.1206,all-columns,0.8472,0.2025,0.5026,0.7528,0.501,0.6503,20.1837,502,,,12.62
reference,BB20013.xml,ref,CRAIC built-in (progressive),28,1049,0.6091,0.1468,all-columns,0.7773,0.2984,0.5595,0.8559,0.5596,0.6671,18.4892,684,,,72.66
reference,BB20013.xml,ref,MAFFT,28,902,0.6411,0.1204,all-columns,0.836,0.2151,0.5131,0.8286,0.5135,0.6711,18.669,601,,,3.47
reference,BB20013.xml,ref,MUSCLE,28,897,0.6262,0.1193,all-columns,0.8194,0.2843,0.5634,0.8451,0.5639,0.6561,15.8155,600,,,12.96
reference,BB20013.xml,ref,Clustal Omega,28,933,0.6218,0.1078,all-columns,0.7717,0.1758,0.517,0.7436,0.5167,0.6506,17.7393,543,,,1.31
reference,BB20013.xml,ref,ProbCons,28,986,0.6234,0.1399,all-columns,0.6816,0.2647,0.5408,0.78,0.5397,0.6493,13.9333,660,,,19.3
reference,BB20015.xml,ref,CRAIC built-in (progressive),37,307,0.412,0.0037,all-columns,0.7018,0.0358,0.3057,0.5567,0.303,0.7743,5.2352,263,,,24.98
reference,BB20015.xml,ref,MAFFT,37,283,0.4787,0.0074,all-columns,0.7527,0.0212,0.3583,0.799,0.3571,0.8609,11.8683,208,,,0.78
reference,BB20015.xml,ref,MUSCLE,37,290,0.4724,0.0037,all-columns,0.6,0.0517,0.3677,0.8401,0.3662,0.9052,7.2831,258,,,3.67
reference,BB20015.xml,ref,Clustal Omega,37,349,0.4728,0.0,all-columns,0.8621,0.0029,0.289,0.7726,0.2884,0.8068,13.2964,277,,,0.66
reference,BB20015.xml,ref,ProbCons,37,363,0.4462,0.0,all-columns,0.8053,0.022,0.2864,0.6426,0.2875,0.7845,8.3471,299,,,4.96
reference,BB20016.xml,ref,CRAIC built-in (progressive),27,361,0.5934,0.0065,all-columns,0.8331,0.0139,0.3487,0.7856,0.3461,0.768,16.0905,267,,,12.01
reference,BB20016.xml,ref,MAFFT,27,531,0.5971,0.0065,all-columns,0.8521,0.0094,0.3058,0.591,0.3058,0.5938,14.0124,372,,,1.1
reference,BB20016.xml,ref,MUSCLE,27,481,0.5818,0.013,all-columns,0.6975,0.0187,0.32,0.6296,0.3202,0.6262,14.1652,339,,,1.49
reference,BB20016.xml,ref,Clustal Omega,27,530,0.6148,0.0043,all-columns,0.6962,0.0113,0.3211,0.5954,0.3191,0.6257,15.7356,367,,,0.28
reference,BB20016.xml,ref,ProbCons,27,484,0.5873,0.0065,all-columns,0.8019,0.0186,0.2651,0.7427,0.2613,0.7512,18.3893,383,,,3.05
reference,BB20018.xml,ref,CRAIC built-in (progressive),53,350,0.9483,0.5131,all-columns,0.707,0.6229,0.9186,0.9679,0.9185,0.9583,11.3661,54,,,101.37
reference,BB20018.xml,ref,MAFFT,53,349,0.9675,0.5576,all-columns,0.6809,0.6533,0.9487,0.96,0.949,0.968,4.6584,37,,,1.78
reference,BB20018.xml,ref,MUSCLE,53,350,0.9522,0.5157,all-columns,0.6777,0.6171,0.9225,0.9571,0.9229,0.9557,8.9585,44,,,9.85
reference,BB20018.xml,ref,Clustal Omega,53,351,0.9588,0.5838,all-columns,0.6926,0.6866,0.9413,0.961,0.9414,0.9565,8.1839,36,,,0.74
reference,BB20018.xml,ref,ProbCons,53,349,0.9526,0.5419,all-columns,0.7103,0.659,0.9229,0.9649,0.9229,0.9609,11.3184,46,,,24.25
reference,BB20019.xml,ref,CRAIC built-in (progressive),24,604,0.82,0.0195,all-columns,0.4854,0.1474,0.7318,0.8563,0.7314,0.8244,13.8583,202,,,40.44
reference,BB20019.xml,ref,MAFFT,24,578,0.8469,0.1097,all-columns,0.677,0.1644,0.7397,0.8634,0.74,0.8564,19.1639,128,,,2.07
reference,BB20019.xml,ref,MUSCLE,24,567,0.8327,0.0106,all-columns,0.6223,0.0653,0.7337,0.8387,0.7344,0.8231,13.7224,162,,,6.09
reference,BB20019.xml,ref,Clustal Omega,24,584,0.8457,0.1345,all-columns,0.647,0.2021,0.7437,0.8736,0.7441,0.8599,18.3732,137,,,0.88
reference,BB20019.xml,ref,ProbCons,24,597,0.8249,0.0106,all-columns,0.7843,0.0921,0.6977,0.8494,0.6986,0.8326,17.3458,174,,,11.04
reference,BB20020.xml,ref,CRAIC built-in (progressive),16,322,0.8603,0.4512,all-columns,0.9051,0.5186,0.7599,0.9048,0.7607,0.9017,12.0749,91,,,6.77
reference,BB20020.xml,ref,MAFFT,16,353,0.8688,0.4604,all-columns,0.9238,0.5042,0.7209,0.8843,0.7214,0.8669,14.6133,97,,,0.4
reference,BB20020.xml,ref,MUSCLE,16,333,0.8689,0.4512,all-columns,0.8872,0.5375,0.7531,0.9076,0.7524,0.897,13.6376,96,,,0.82
reference,BB20020.xml,ref,Clustal Omega,16,334,0.8462,0.436,all-columns,0.9194,0.485,0.7359,0.9064,0.7375,0.8734,14.7063,103,,,0.14
reference,BB20020.xml,ref,ProbCons,16,328,0.874,0.4817,all-columns,0.8709,0.5549,0.7653,0.9192,0.7675,0.9101,11.5869,107,,,1.78
reference,BB20022.xml,ref,CRAIC built-in (progressive),58,418,0.831,0.1692,all-columns,0.7588,0.3014,0.8286,0.9293,0.8293,0.8569,4.8727,321,,,175.48
reference,BB20022.xml,ref,MAFFT,58,415,0.8754,0.2711,all-columns,0.7173,0.3253,0.8459,0.9248,0.8468,0.891,8.3098,182,,,3.7
reference,BB20022.xml,ref,MUSCLE,58,404,0.8833,0.2278,all-columns,0.687,0.3218,0.862,0.9464,0.8634,0.8548,4.9023,307,,,19.47
reference,BB20022.xml,ref,Clustal Omega,58,427,0.8827,0.282,all-columns,0.7499,0.3208,0.8401,0.9378,0.8398,0.9077,9.857,197,,,1.15
reference,BB20022.xml,ref,ProbCons,58,400,0.868,0.1974,all-columns,0.6692,0.2825,0.8588,0.9546,0.8604,0.8603,5.8376,301,,,36.65
reference,BB20023.xml,ref,CRAIC built-in (progressive),31,251,0.7746,0.1241,all-columns,0.7814,0.1633,0.7272,0.8723,0.7287,0.8748,4.4897,199,,,20.75
reference,BB20023.xml,ref,MAFFT,31,257,0.8775,0.2299,all-columns,0.7825,0.3658,0.8107,0.9131,0.8096,0.9055,9.4844,98,,,0.55
reference,BB20023.xml,ref,MUSCLE,31,236,0.8497,0.1825,all-columns,0.6688,0.25,0.8206,0.9021,0.8206,0.926,4.7244,136,,,2.31
reference,BB20023.xml,ref,Clustal Omega,31,287,0.8264,0.1934,all-columns,0.779,0.1916,0.6921,0.8419,0.6931,0.8609,8.8161,121,,,0.28
reference,BB20023.xml,ref,ProbCons,31,269,0.8632,0.2336,all-columns,0.7397,0.2751,0.7497,0.9094,0.7507,0.929,6.089,167,,,3.94
reference,BB20024.xml,ref,CRAIC built-in (progressive),30,828,0.4396,0.0266,all-columns,0.7742,0.0374,0.2522,0.843,0.2515,0.8314,24.3021,667,,,49.07
reference,BB20024.xml,ref,MAFFT,30,931,0.421,0.0152,all-columns,0.8481,0.0408,0.2094,0.8176,0.2085,0.793,24.4464,759,,,2.24
reference,BB20024.xml,ref,MUSCLE,30,906,0.4366,0.0279,all-columns,0.8993,0.0331,0.1958,0.6224,0.196,0.7376,19.6654,713,,,8.24
reference,BB20024.xml,ref,Clustal Omega,30,945,0.4236,0.019,all-columns,0.9447,0.0275,0.1857,0.6884,0.1875,0.7522,23.6763,761,,,3.54
reference,BB20024.xml,ref,ProbCons,30,1172,0.4295,0.0253,all-columns,0.9304,0.0316,0.1595,0.8452,0.1559,0.8514,30.1643,1018,,,15.02
reference,BB20029.xml,ref,CRAIC built-in (progressive),29,166,0.6803,0.0126,all-columns,0.8711,0.1386,0.4986,0.7981,0.4967,0.7492,9.3292,88,,,3.6
reference,BB20029.xml,ref,MAFFT,29,159,0.7378,0.0126,all-columns,0.7355,0.0252,0.5063,0.7541,0.5065,0.8071,9.6059,81,,,0.26
reference,BB20029.xml,ref,MUSCLE,29,176,0.6793,0.0,all-columns,0.6686,0.0341,0.4256,0.7688,0.4259,0.7855,10.213,101,,,0.68
reference,BB20029.xml,ref,Clustal Omega,29,175,0.697,0.0,all-columns,0.9884,0.0114,0.4559,0.7459,0.4563,0.8143,9.3795,99,,,0.08
reference,BB20029.xml,ref,ProbCons,29,201,0.6742,0.0,all-columns,0.9674,0.1343,0.4357,0.8826,0.4382,0.7529,11.5932,121,,,0.9
reference,BB20030.xml,ref,CRAIC built-in (progressive),47,152,0.8839,0.0,all-columns,0.7308,0.1711,0.745,0.8753,0.7463,0.8652,8.9634,37,,,13.09
reference,BB20030.xml,ref,MAFFT,47,157,0.9147,0.121,all-columns,0.7153,0.2102,0.7048,0.8969,0.7042,0.9057,10.9106,49,,,0.34
reference,BB20030.xml,ref,MUSCLE,47,154,0.8979,0.1083,all-columns,0.7834,0.2338,0.7182,0.8593,0.7202,0.8807,8.6657,42,,,1.77
reference,BB20030.xml,ref,Clustal Omega,47,164,0.8897,0.0064,all-columns,0.9864,0.0488,0.6681,0.8982,0.6669,0.9183,10.4081,61,,,0.15
reference,BB20030.xml,ref,ProbCons,47,157,0.8972,0.0764,all-columns,0.7926,0.172,0.7265,0.8774,0.7257,0.8995,9.4676,47,,,2.44
reference,BB20031.xml,ref,CRAIC built-in (progressive),60,273,0.7456,0.0464,all-columns,0.8675,0.1026,0.6421,0.8859,0.6383,0.7936,8.3048,172,,,87.69
reference,BB20031.xml,ref,MAFFT,60,253,0.8917,0.0821,all-columns,0.5785,0.1225,0.8213,0.8851,0.8207,0.8988,6.8799,77,,,2.21
reference,BB20031.xml,ref,MUSCLE,60,235,0.876,0.0643,all-columns,0.7734,0.1234,0.8395,0.9164,0.8392,0.8977,5.1629,124,,,9.87
reference,BB20031.xml,ref,Clustal Omega,60,248,0.8856,0.1286,all-columns,0.689,0.1855,0.8433,0.9135,0.8426,0.9057,9.2873,67,,,0.59
reference,BB20031.xml,ref,ProbCons,60,239,0.8727,0.0714,all-columns,0.8235,0.1172,0.8311,0.9205,0.8301,0.9007,5.6555,134,,,15.18
reference,BB20032.xml,ref,CRAIC built-in (progressive),61,170,0.8728,0.0336,all-columns,0.3128,0.2118,0.7997,0.7986,0.8002,0.8269,-0.1468,33,,,28.81
reference,BB20032.xml,ref,MAFFT,61,146,0.9391,0.2282,all-columns,0.5179,0.2671,0.845,0.8682,0.8455,0.9086,2.9408,21,,,0.59
reference,BB20032.xml,ref,MUSCLE,61,151,0.9301,0.2483,all-columns,0.5019,0.3576,0.83,0.8461,0.8311,0.8844,1.4778,26,,,2.78
reference,BB20032.xml,ref,Clustal Omega,61,154,0.9235,0.2685,all-columns,0.5835,0.3506,0.8073,0.8456,0.8073,0.8587,4.3777,20,,,0.24
reference,BB20032.xml,ref,ProbCons,61,149,0.9077,0.2349,all-columns,0.5857,0.3557,0.8275,0.9276,0.8288,0.9234,7.1851,48,,,4.42
reference,BB20033.xml,ref,CRAIC built-in (progressive),48,150,0.9124,0.1329,all-columns,0.7674,0.3133,0.8126,0.9043,0.8127,0.8637,9.4339,21,,,15.98
reference,BB20033.xml,ref,MAFFT,48,148,0.9408,0.3228,all-columns,0.6436,0.4662,0.8542,0.9133,0.8544,0.9194,6.0048,22,,,0.31
reference,BB20033.xml,ref,MUSCLE,48,151,0.9195,0.1709,all-columns,0.6349,0.3377,0.8235,0.8984,0.8233,0.916,6.2379,26,,,1.41
reference,BB20033.xml,ref,Clustal Omega,48,150,0.941,0.2911,all-columns,0.506,0.4467,0.8773,0.9167,0.8783,0.9357,4.5316,24,,,0.16
reference,BB20033.xml,ref,ProbCons,48,152,0.9084,0.2278,all-columns,0.6736,0.4145,0.8426,0.9272,0.8436,0.9033,8.1686,35,,,2.75
reference,BB20038.xml,ref,CRAIC built-in (progressive),42,160,0.9092,0.1472,all-columns,0.7062,0.3812,0.7862,0.9155,0.7874,0.862,9.736,32,,,11.89
reference,BB20038.xml,ref,MAFFT,42,160,0.9249,0.2335,all-columns,0.6609,0.4813,0.8373,0.9167,0.8393,0.8937,6.3316,36,,,0.38
reference,BB20038.xml,ref,MUSCLE,42,159,0.9184,0.1421,all-columns,0.7511,0.4277,0.7954,0.9213,0.7965,0.8933,9.7035,31,,,1.14
reference,BB20038.xml,ref,Clustal Omega,42,177,0.9171,0.2132,all-columns,0.6519,0.3164,0.761,0.9077,0.762,0.9056,9.6423,55,,,0.16
reference,BB20038.xml,ref,ProbCons,42,157,0.8988,0.1269,all-columns,0.7222,0.3694,0.7956,0.9081,0.7959,0.8916,8.5239,37,,,1.9
reference,BBS20001.xml,ref,CRAIC built-in (progressive),16,77,0.9827,0.9342,all-columns,0.9955,0.961,0.9826,0.9826,,,,0,,,0.48
reference,BBS20001.xml,ref,MAFFT,16,76,0.9917,0.8947,all-columns,0.941,0.9474,0.992,0.992,,,,0,,,0.15
reference,BBS20001.xml,ref,MUSCLE,16,76,0.9842,0.9211,all-columns,0.934,0.9474,0.9768,0.9768,,,,0,,,0.07
reference,BBS20001.xml,ref,Clustal Omega,16,76,0.9358,0.6316,all-columns,0.9271,0.75,0.943,0.943,,,,0,,,0.01
reference,BBS20001.xml,ref,ProbCons,16,76,0.9842,0.9211,all-columns,0.934,0.9474,0.9768,0.9768,,,,0,,,0.13
reference,BBS20002.xml,ref,CRAIC built-in (progressive),20,50,0.9076,0.32,all-columns,0.7115,0.52,0.9213,0.9377,0.9217,0.9139,1.973,9,,,0.25
reference,BBS20002.xml,ref,MAFFT,20,51,0.9029,0.3,all-columns,0.7677,0.4902,0.8823,0.9319,0.881,0.9123,4.2763,8,,,0.15
reference,BBS20002.xml,ref,MUSCLE,20,49,0.898,0.38,all-columns,0.8197,0.5714,0.8904,0.9291,0.8899,0.9013,3.3419,8,,,0.05
reference,BBS20002.xml,ref,Clustal Omega,20,51,0.9088,0.1,all-columns,0.8571,0.4118,0.8672,0.9427,0.8691,0.937,5.5811,7,,,0.02
reference,BBS20002.xml,ref,ProbCons,20,49,0.9109,0.5,all-columns,0.8746,0.6327,0.9014,0.9405,0.9019,0.9109,3.4946,6,,,0.07
reference,BBS20004.xml,ref,CRAIC built-in (progressive),55,428,0.9495,0.5011,all-columns,0.7419,0.5724,0.9203,0.9519,0.9202,0.9534,11.3256,36,,,160.37
reference,BBS20004.xml,ref,MAFFT,55,432,0.9622,0.5079,all-columns,0.729,0.5741,0.9337,0.9536,0.9337,0.9584,10.3634,26,,,2.77
reference,BBS20004.xml,ref,MUSCLE,55,429,0.9541,0.5215,all-columns,0.7443,0.5921,0.9292,0.9601,0.929,0.955,11.6671,35,,,16.09
reference,BBS20004.xml,ref,Clustal Omega,55,435,0.9563,0.5283,all-columns,0.775,0.5931,0.9151,0.9526,0.915,0.9538,12.8547,35,,,0.92
reference,BBS20004.xml,ref,ProbCons,55,428,0.9534,0.5283,all-columns,0.7482,0.5981,0.9332,0.9594,0.9332,0.9538,11.769,32,,,40.95
reference,BBS20005.xml,ref,CRAIC built-in (progressive),42,384,0.7648,0.0388,all-columns,0.4896,0.0729,0.7465,0.7997,0.748,0.7868,5.0998,195,,,75.56
reference,BBS20005.xml,ref,MAFFT,42,387,0.816,0.1214,all-columns,0.7995,0.1421,0.745,0.8192,0.7453,0.8241,17.1515,45,,,2.8
reference,BBS20005.xml,ref,MUSCLE,42,354,0.8055,0.0704,all-columns,0.5581,0.1356,0.8031,0.8152,0.8037,0.8214,2.0727,117,,,14.64
reference,BBS20005.xml,ref,Clustal Omega,42,445,0.7576,0.0607,all-columns,0.7865,0.0764,0.6602,0.8078,0.6598,0.8025,18.1944,110,,,0.58
reference,BBS20005.xml,ref,ProbCons,42,381,0.7974,0.0922,all-columns,0.4948,0.1522,0.7653,0.8147,0.7652,0.8003,6.6885,115,,,21.72
reference,BBS20006.xml,ref,CRAIC built-in (progressive),51,256,0.9584,0.4735,all-columns,0.7507,0.543,0.9422,0.9662,0.9424,0.9728,7.3491,40,,,103.09
reference,BBS20006.xml,ref,MAFFT,51,260,0.9646,0.5227,all-columns,0.7026,0.6192,0.9464,0.9635,0.9466,0.9657,7.0289,16,,,1.37
reference,BBS20006.xml,ref,MUSCLE,51,254,0.9639,0.4659,all-columns,0.7245,0.5866,0.958,0.9701,0.958,0.9698,6.6413,22,,,7.63
reference,BBS20006.xml,ref,Clustal Omega,51,262,0.939,0.4697,all-columns,0.806,0.5534,0.9251,0.9611,0.9254,0.955,9.6576,30,,,0.44
reference,BBS20006.xml,ref,ProbCons,51,256,0.9621,0.447,all-columns,0.7502,0.5703,0.9575,0.9721,0.9575,0.9648,7.4669,24,,,16.68
reference,BBS20007.xml,ref,CRAIC built-in (progressive),23,493,0.7721,0.2717,all-columns,0.7856,0.3408,0.6902,0.9561,0.6902,0.9331,8.406,402,,,31.0
reference,BBS20007.xml,ref,MAFFT,23,480,0.7967,0.3174,all-columns,0.874,0.3563,0.7306,0.8997,0.7297,0.8745,16.1349,175,,,1.3
reference,BBS20007.xml,ref,MUSCLE,23,474,0.8052,0.3043,all-columns,0.7743,0.3945,0.7488,0.9322,0.7498,0.9081,11.6623,257,,,4.49
reference,BBS20007.xml,ref,Clustal Omega,23,478,0.7658,0.2913,all-columns,0.8715,0.3201,0.6914,0.875,0.6921,0.8304,18.0772,168,,,0.53
reference,BBS20007.xml,ref,ProbCons,23,491,0.8173,0.3761,all-columns,0.8096,0.4216,0.7385,0.895,0.7403,0.8878,11.8406,205,,,8.83
reference,BBS20008.xml,ref,CRAIC built-in (progressive),56,104,0.8471,0.104,all-columns,0.8341,0.1827,0.7954,0.9547,0.7961,0.8559,4.4351,75,,,14.68
reference,BBS20008.xml,ref,MAFFT,56,115,0.8573,0.16,all-columns,0.7632,0.2783,0.7664,0.8361,0.7679,0.8556,4.4098,31,,,0.55
reference,BBS20008.xml,ref,MUSCLE,56,101,0.8934,0.168,all-columns,0.8198,0.2673,0.84,0.895,0.8394,0.9094,2.5696,50,,,1.86
reference,BBS20008.xml,ref,Clustal Omega,56,122,0.8168,0.152,all-columns,0.8343,0.2377,0.7348,0.8431,0.7346,0.827,6.6991,37,,,0.1
reference,BBS20008.xml,ref,ProbCons,56,114,0.8968,0.168,all-columns,0.7162,0.2982,0.8103,0.9086,0.8107,0.8922,4.2029,53,,,3.18
reference,BBS20009.xml,ref,CRAIC built-in (progressive),29,222,0.9694,0.5766,all-columns,0.5887,0.7117,0.9669,0.9667,0.9669,0.9667,-0.3915,1,,,19.8
reference,BBS20009.xml,ref,MAFFT,29,223,0.9518,0.4459,all-columns,0.7622,0.5964,0.9531,0.9579,0.953,0.9524,6.825,3,,,0.45
reference,BBS20009.xml,ref,MUSCLE,29,222,0.9665,0.5676,all-columns,0.6778,0.7658,0.9715,0.9715,,,,0,,,1.87
reference,BBS20009.xml,ref,Clustal Omega,29,221,0.9622,0.491,all-columns,0.7491,0.638,0.9616,0.9616,,,,0,,,0.14
reference,BBS20009.xml,ref,ProbCons,29,222,0.9699,0.5811,all-columns,0.6796,0.7703,0.9748,0.9748,,,,0,,,4.21
reference,BBS20010.xml,ref,CRAIC built-in (progressive),29,640,0.8621,0.3066,all-columns,0.8677,0.3656,0.8303,0.9293,0.8307,0.9083,15.244,208,,,105.11
reference,BBS20010.xml,ref,MAFFT,29,649,0.8567,0.3066,all-columns,0.8927,0.3621,0.8052,0.8931,0.8053,0.8823,16.724,151,,,3.06
reference,BBS20010.xml,ref,MUSCLE,29,631,0.8657,0.3313,all-columns,0.8871,0.4073,0.8433,0.9166,0.8434,0.8991,13.423,169,,,14.64
reference,BBS20010.xml,ref,Clustal Omega,29,661,0.8554,0.3236,all-columns,0.8781,0.3933,0.8101,0.9059,0.8106,0.8853,17.1066,159,,,1.72
reference,BBS20010.xml,ref,ProbCons,29,655,0.858,0.3066,all-columns,0.8699,0.3725,0.8161,0.9076,0.8163,0.8955,15.1408,192,,,30.0
reference,BBS20011.xml,ref,CRAIC built-in (progressive),21,106,0.9118,0.5429,all-columns,0.8708,0.6226,0.9166,0.9166,,,,0,,,1.87
reference,BBS20011.xml,ref,MAFFT,21,106,0.8853,0.4381,all-columns,0.8925,0.5283,0.8936,0.8985,0.8936,0.8926,3.8886,1,,,0.25
reference,BBS20011.xml,ref,MUSCLE,21,106,0.9172,0.6,all-columns,0.8901,0.6604,0.9247,0.9247,,,,0,,,0.24
reference,BBS20011.xml,ref,Clustal Omega,21,105,0.8927,0.4762,all-columns,0.908,0.581,0.8819,0.9048,0.8817,0.8967,5.5697,5,,,0.04
reference,BBS20011.xml,ref,ProbCons,21,106,0.9209,0.6095,all-columns,0.8813,0.6698,0.928,0.9291,0.9279,0.9273,0.989,1,,,0.51
reference,BBS20012.xml,ref,CRAIC built-in (progressive),27,247,0.7646,0.1896,all-columns,0.8104,0.3441,0.7393,0.7558,0.7393,0.7283,4.5544,10,,,14.26
reference,BBS20012.xml,ref,MAFFT,27,266,0.7632,0.1784,all-columns,0.7682,0.3083,0.7014,0.7319,0.701,0.7131,6.3095,17,,,0.46
reference,BBS20012.xml,ref,MUSCLE,27,264,0.7783,0.2565,all-columns,0.7272,0.3864,0.7405,0.7581,0.7405,0.74,4.9591,12,,,1.74
reference,BBS20012.xml,ref,Clustal Omega,27,268,0.7581,0.1487,all-columns,0.7373,0.3172,0.6929,0.7384,0.6931,0.6983,6.2628,29,,,0.14
reference,BBS20012.xml,ref,ProbCons,27,257,0.7791,0.2937,all-columns,0.7665,0.3969,0.7318,0.757,0.7319,0.7405,5.6901,16,,,3.34
reference,BBS20013.xml,ref,CRAIC built-in (progressive),28,247,0.9047,0.4309,all-columns,0.7028,0.5628,0.8593,0.921,0.8593,0.8976,6.3488,77,,,13.73
reference,BBS20013.xml,ref,MAFFT,28,252,0.8998,0.4187,all-columns,0.7351,0.5317,0.8126,0.8951,0.8134,0.8816,7.5163,61,,,0.72
reference,BBS20013.xml,ref,MUSCLE,28,240,0.9118,0.4472,all-columns,0.6646,0.5625,0.8699,0.9181,0.8693,0.9011,6.46,58,,,1.78
reference,BBS20013.xml,ref,Clustal Omega,28,255,0.8981,0.3821,all-columns,0.7199,0.4941,0.7978,0.9048,0.7968,0.8923,10.4322,62,,,0.14
reference,BBS20013.xml,ref,ProbCons,28,248,0.9048,0.439,all-columns,0.6476,0.5766,0.8527,0.9219,0.8524,0.907,7.007,74,,,3.4
reference,BBS20014.xml,ref,CRAIC built-in (progressive),65,242,0.9196,0.209,all-columns,0.7053,0.314,0.9013,0.9446,0.9024,0.93,5.7797,78,,,131.47
reference,BBS20014.xml,ref,MAFFT,65,238,0.91,0.1434,all-columns,0.8671,0.2437,0.8837,0.9173,0.8838,0.9109,8.5004,28,,,2.15
reference,BBS20014.xml,ref,MUSCLE,65,238,0.9191,0.1885,all-columns,0.749,0.2983,0.9015,0.9439,0.9016,0.9325,8.0534,57,,,13.08
reference,BBS20014.xml,ref,Clustal Omega,65,241,0.8745,0.1311,all-columns,0.7525,0.2614,0.8507,0.9226,0.8505,0.8845,10.9681,43,,,0.66
reference,BBS20014.xml,ref,ProbCons,65,248,0.9074,0.1803,all-columns,0.7353,0.3629,0.9037,0.9502,0.9035,0.9239,7.3131,74,,,20.41
reference,BBS20015.xml,ref,CRAIC built-in (progressive),37,64,0.8919,0.4918,all-columns,0.8414,0.5469,0.8983,0.931,0.8983,0.8878,4.8661,6,,,2.33
reference,BBS20015.xml,ref,MAFFT,37,62,0.8729,0.0,all-columns,0.8033,0.0161,0.8399,0.9038,0.8399,0.9051,6.117,9,,,0.22
reference,BBS20015.xml,ref,MUSCLE,37,61,0.9478,0.4918,all-columns,0.6845,0.6557,0.949,0.9553,0.949,0.9473,2.3969,2,,,0.36
reference,BBS20015.xml,ref,Clustal Omega,37,62,0.8473,0.0,all-columns,1.0,0.0161,0.8375,0.8708,0.8376,0.8645,5.6572,4,,,0.03
reference,BBS20015.xml,ref,ProbCons,37,64,0.9338,0.6393,all-columns,0.6183,0.7344,0.9336,0.9342,0.9338,0.9315,0.1009,2,,,0.59
reference,BBS20016.xml,ref,CRAIC built-in (progressive),27,112,0.9063,0.3934,all-columns,0.8119,0.5357,0.8952,0.9127,0.8952,0.9074,2.4526,14,,,3.74
reference,BBS20016.xml,ref,MAFFT,27,121,0.8966,0.4344,all-columns,0.7336,0.6198,0.8798,0.9046,0.8799,0.8988,4.8016,7,,,0.31
reference,BBS20016.xml,ref,MUSCLE,27,118,0.9341,0.4754,all-columns,0.7798,0.5932,0.8982,0.9174,0.8979,0.9324,2.4728,17,,,0.51
reference,BBS20016.xml,ref,Clustal Omega,27,121,0.8986,0.4754,all-columns,0.7184,0.6281,0.8578,0.9032,0.8575,0.9024,5.7678,13,,,0.06
reference,BBS20016.xml,ref,ProbCons,27,122,0.9351,0.5082,all-columns,0.7362,0.6475,0.9021,0.9236,0.9019,0.9344,2.751,16,,,1.0
reference,BBS20017.xml,ref,CRAIC built-in (progressive),45,586,0.9568,0.4837,all-columns,0.7261,0.5836,0.944,0.9526,0.944,0.9506,8.4943,18,,,241.29
reference,BBS20017.xml,ref,MAFFT,45,602,0.9604,0.5,all-columns,0.7819,0.5997,0.9393,0.9626,0.9394,0.9565,14.918,35,,,3.91
reference,BBS20017.xml,ref,MUSCLE,45,578,0.9585,0.4559,all-columns,0.7506,0.5657,0.9529,0.9602,0.9529,0.9569,8.8266,16,,,28.15
reference,BBS20017.xml,ref,Clustal Omega,45,601,0.9575,0.5033,all-columns,0.7842,0.5774,0.9346,0.9543,0.9346,0.9479,13.2536,29,,,1.94
reference,BBS20017.xml,ref,ProbCons,45,602,0.9591,0.5082,all-columns,0.8105,0.598,0.9454,0.9572,0.9453,0.952,10.9475,22,,,64.81
reference,BBS20018.xml,ref,CRAIC built-in (progressive),53,316,0.9636,0.5933,all-columns,0.6909,0.6519,0.9598,0.9745,0.9599,0.9668,10.9158,17,,,269.17
reference,BBS20018.xml,ref,MAFFT,53,316,0.9698,0.6361,all-columns,0.6817,0.693,0.9654,0.9723,0.9655,0.9694,7.0094,10,,,2.06
reference,BBS20018.xml,ref,MUSCLE,53,318,0.966,0.6177,all-columns,0.6526,0.6824,0.9594,0.9698,0.9595,0.9675,7.1,16,,,12.35
reference,BBS20018.xml,ref,Clustal Omega,53,317,0.9603,0.6483,all-columns,0.7136,0.7224,0.9529,0.9667,0.953,0.9601,9.9418,11,,,0.62
reference,BBS20018.xml,ref,ProbCons,53,316,0.9671,0.6606,all-columns,0.6916,0.712,0.9581,0.9702,0.9582,0.9694,8.0102,16,,,27.59
reference,BBS20019.xml,ref,CRAIC built-in (progressive),24,375,0.8555,0.1396,all-columns,0.796,0.1973,0.8354,0.8787,0.8352,0.8623,7.8648,91,,,25.45
reference,BBS20019.xml,ref,MAFFT,24,392,0.8502,0.1168,all-columns,0.8451,0.1888,0.7833,0.8703,0.7833,0.8595,12.8717,67,,,1.02
reference,BBS20019.xml,ref,MUSCLE,24,373,0.8729,0.1472,all-columns,0.7776,0.2332,0.8488,0.8835,0.8488,0.874,9.6928,52,,,3.66
reference,BBS20019.xml,ref,Clustal Omega,24,399,0.8506,0.1853,all-columns,0.7839,0.2832,0.8074,0.8777,0.8072,0.863,11.4123,70,,,0.4
reference,BBS20019.xml,ref,ProbCons,24,377,0.8787,0.2107,all-columns,0.788,0.2865,0.8464,0.8998,0.8465,0.8825,10.6837,67,,,7.11
reference,BBS20020.xml,ref,CRAIC built-in (progressive),16,266,0.9137,0.5876,all-columns,0.834,0.688,0.9017,0.9338,0.9019,0.9211,7.1299,35,,,6.09
reference,BBS20020.xml,ref,MAFFT,16,274,0.8974,0.5511,all-columns,0.8619,0.6642,0.8771,0.9144,0.8773,0.8827,10.751,21,,,0.33
reference,BBS20020.xml,ref,MUSCLE,16,270,0.9086,0.5547,all-columns,0.7955,0.6852,0.899,0.9203,0.8985,0.9045,6.8568,21,,,0.78
reference,BBS20020.xml,ref,Clustal Omega,16,273,0.8705,0.5219,all-columns,0.8665,0.6007,0.8487,0.9172,0.849,0.8781,11.1005,40,,,0.11
reference,BBS20020.xml,ref,ProbCons,16,269,0.9133,0.5766,all-columns,0.8236,0.6989,0.8939,0.9281,0.8934,0.9117,9.7243,26,,,1.59
reference,BBS20021.xml,ref,CRAIC built-in (progressive),53,477,0.9211,0.1826,all-columns,0.7547,0.2662,0.8863,0.9228,0.8861,0.9005,16.5034,36,,,197.07
reference,BBS20021.xml,ref,MAFFT,53,465,0.9213,0.1724,all-columns,0.8278,0.2323,0.8948,0.9109,0.8949,0.9053,12.0765,12,,,3.56
reference,BBS20021.xml,ref,MUSCLE,53,502,0.9229,0.1927,all-columns,0.7058,0.3048,0.8737,0.9232,0.8739,0.9098,13.6106,54,,,24.79
reference,BBS20021.xml,ref,Clustal Omega,53,499,0.9186,0.1846,all-columns,0.8437,0.2465,0.8546,0.9112,0.8547,0.8894,17.5525,48,,,0.98
reference,BBS20021.xml,ref,ProbCons,53,501,0.9264,0.2008,all-columns,0.8443,0.3134,0.8395,0.9322,0.8387,0.9059,20.0966,61,,,50.47
reference,BBS20022.xml,ref,CRAIC built-in (progressive),58,385,0.8534,0.2148,all-columns,0.6649,0.3377,0.845,0.9409,0.8444,0.8647,5.3693,284,,,198.09
reference,BBS20022.xml,ref,MAFFT,58,388,0.8654,0.2247,all-columns,0.7861,0.3144,0.8396,0.9143,0.8405,0.8796,10.3266,124,,,3.78
reference,BB20001.xml,ref,PRANK (phylogeny-aware),16,954,0.3711,0.3791,all-columns,0.9122,0.3606,0.5062,0.7131,0.5057,0.5646,22.755,308,,,93.95
reference,BB20005.xml,ref,PRANK (phylogeny-aware),42,666,0.6691,0.0035,all-columns,0.7768,0.1201,0.6473,0.8243,0.6475,0.8066,14.7178,283,,,196.72
reference,BB20006.xml,ref,PRANK (phylogeny-aware),51,373,0.7966,0.2407,all-columns,0.8533,0.3485,0.7605,0.9411,0.7612,0.9338,13.4694,174,,,112.56
reference,BB20007.xml,ref,PRANK (phylogeny-aware),23,718,0.5942,0.0939,all-columns,0.8081,0.2298,0.5322,0.8863,0.5337,0.8387,12.1361,557,,,133.86
reference,BB11001.xml,ref,ClustalW,4,88,0.9342,0.8523,all-columns,0.7344,0.8523,0.9129,0.9179,0.9126,0.9538,0.4053,23,,,0.11
reference,BB11002.xml,ref,ClustalW,8,146,0.3812,0.0,all-columns,,0.0,0.196,nan,,,,146,,,0.01
reference,BB11003.xml,ref,ClustalW,4,483,0.5966,0.3865,all-columns,0.7329,0.4017,0.5728,0.8149,0.5728,0.5678,9.8128,311,,,0.05
reference,BB11004.xml,ref,ClustalW,4,440,0.1912,0.0,all-columns,0.9991,0.0182,0.1716,1.0,0.1729,0.0,10.2803,433,,,0.04
reference,BB11005.xml,ref,ClustalW,14,472,0.3514,0.0618,all-columns,0.9811,0.072,0.2833,0.9668,0.2795,0.2303,13.9671,447,,,0.23
reference,BB11006.xml,ref,ClustalW,8,298,0.2191,0.0,all-columns,0.125,0.0067,0.1734,nan,,,,298,,,0.04
reference,BB11007.xml,ref,ClustalW,9,466,0.544,0.2097,all-columns,0.9067,0.2468,0.5206,0.8852,0.5219,0.8619,15.1214,316,,,0.13
reference,BB11008.xml,ref,ClustalW,4,451,0.3389,0.1494,all-columns,0.8168,0.1552,0.1707,0.7692,0.1733,0.0641,10.5065,412,,,0.02
reference,BB11009.xml,ref,ClustalW,4,320,0.2889,0.0,all-columns,,0.0,0.0833,nan,,,,320,,,0.01
reference,BB11010.xml,ref,ClustalW,4,511,0.1889,0.0078,all-columns,0.6831,0.0274,0.1833,0.2899,0.1795,0.0097,4.7771,442,,,0.05
reference,BB11011.xml,ref,ClustalW,5,220,0.1857,0.0396,all-columns,0.9577,0.0727,0.1736,1.0,0.1716,0.3,7.1407,215,,,0.02
reference,BB11012.xml,ref,ClustalW,4,383,0.8842,0.7313,all-columns,0.9458,0.7702,0.8377,0.9311,0.8369,0.8865,11.9046,76,,,0.03
reference,BB11013.xml,ref,ClustalW,5,80,0.0753,0.0,all-columns,,0.0,0.055,0.0,0.0598,0.1,-1.1295,79,,,0.01
reference,BB11014.xml,ref,ClustalW,6,556,0.6856,0.4614,all-columns,0.9311,0.4964,0.6632,0.9322,0.662,0.7058,18.5924,261,,,0.12
reference,BB11015.xml,ref,ClustalW,4,311,0.6449,0.3956,all-columns,0.8925,0.418,0.6281,0.8913,0.6286,0.6203,11.0255,196,,,0.02
reference,BB11016.xml,ref,ClustalW,8,599,0.3283,0.0,all-columns,,0.0,0.2221,0.6888,0.2224,0.2847,10.7318,564,,,0.14
reference,BB11017.xml,ref,ClustalW,4,263,0.6177,0.3808,all-columns,0.9712,0.4259,0.557,0.872,0.5571,0.5894,14.1747,125,,,0.02
reference,BB11018.xml,ref,ClustalW,14,753,0.3671,0.062,all-columns,0.938,0.077,0.2398,0.8853,0.2382,0.2048,19.3454,654,,,0.49
reference,BB11019.xml,ref,ClustalW,10,386,0.4984,0.0543,all-columns,0.979,0.0596,0.4364,0.773,0.4337,0.4371,12.5749,295,,,0.11
reference,BB11020.xml,ref,ClustalW,9,252,0.6201,0.2355,all-columns,0.815,0.2817,0.5726,0.8642,0.5755,0.7166,7.5195,198,,,0.04
reference,BB11021.xml,ref,ClustalW,4,119,0.1618,0.0,all-columns,,0.0,0.1275,nan,,,,119,,,0.01
reference,BB11022.xml,ref,ClustalW,4,132,0.2519,0.0,all-columns,,0.0,0.1338,nan,,,,132,,,0.01
reference,BB11023.xml,ref,ClustalW,7,376,0.3307,0.0842,all-columns,0.8997,0.1064,0.2781,1.0,0.2844,0.3463,12.0462,354,,,0.06
reference,BB11024.xml,ref,ClustalW,4,424,0.182,0.0,all-columns,0.9976,0.0118,0.1399,0.0,0.1258,0.1667,-0.755,423,,,0.04
reference,BB11025.xml,ref,ClustalW,4,85,0.1217,0.0,all-columns,,0.0,0.0922,nan,,,,85,,,0.01
reference,BB11026.xml,ref,ClustalW,7,336,0.2495,0.0,all-columns,,0.0,0.0612,0.3,0.0611,0.2857,2.6858,334,,,0.03
reference,BB11027.xml,ref,ClustalW,7,243,0.2489,0.0,all-columns,,0.0,0.1988,0.7143,0.1937,0.3155,11.2339,227,,,0.03
reference,BB11028.xml,ref,ClustalW,10,225,0.3729,0.0,all-columns,0.9018,0.0044,0.2053,0.7873,0.2001,0.3143,8.1009,211,,,0.03
reference,BB11029.xml,ref,ClustalW,4,102,0.488,0.3368,all-columns,0.8793,0.3333,0.3922,0.7,0.4001,0.68,4.0202,77,,,0.01
reference,BB11030.xml,ref,ClustalW,14,364,0.3088,0.0682,all-columns,0.9648,0.0797,0.2334,0.9911,0.2392,0.1655,11.5471,348,,,0.12
reference,BB11031.xml,ref,ClustalW,11,495,0.2598,0.0,all-columns,,0.0,0.1698,nan,,,,495,,,0.15
reference,BB11032.xml,ref,ClustalW,8,387,0.4777,0.0852,all-columns,0.9041,0.1008,0.3152,0.9515,0.3141,0.3992,10.7065,359,,,0.06
reference,BB11033.xml,ref,ClustalW,11,262,0.3759,0.0,all-columns,,0.0,0.177,nan,,,,262,,,0.03
reference,BB11034.xml,ref,ClustalW,8,558,0.2778,0.0,all-columns,,0.0,0.206,0.6389,0.2069,0.2192,14.2936,522,,,0.16
reference,BB11035.xml,ref,ClustalW,5,101,0.4381,0.2222,all-columns,0.9697,0.2574,0.3911,0.9625,0.3906,0.9,6.2618,85,,,0.01
reference,BB11036.xml,ref,ClustalW,8,419,0.4384,0.0674,all-columns,0.9359,0.0907,0.3587,0.8456,0.357,0.4073,13.3351,357,,,0.08
reference,BB11037.xml,ref,ClustalW,5,400,0.3427,0.0867,all-columns,0.9535,0.12,0.3192,0.9321,0.3221,0.0057,13.156,347,,,0.09
reference,BB11038.xml,ref,ClustalW,8,445,0.4362,0.0,all-columns,0.5498,0.0067,0.2885,0.727,0.2877,0.3981,15.354,350,,,0.09
reference,BBS11001.xml,ref,ClustalW,4,76,0.9737,0.9474,all-columns,1.0,0.9474,0.9737,0.9737,,,,0,,,0.0
reference,BBS11002.xml,ref,ClustalW,8,67,0.7305,0.3623,all-columns,0.888,0.4627,0.7116,0.9294,0.7105,0.7201,6.6596,24,,,0.01
reference,BBS11003.xml,ref,ClustalW,4,444,0.5922,0.3289,all-columns,0.9683,0.3671,0.5788,0.7933,0.5789,0.5689,14.8754,190,,,0.04
reference,BBS11004.xml,ref,ClustalW,4,392,0.4537,0.1535,all-columns,0.9713,0.1633,0.3878,0.8,0.3874,0.6963,14.577,302,,,0.03
reference,BBS11005.xml,ref,ClustalW,14,385,0.3918,0.0779,all-columns,0.8976,0.0961,0.3448,0.9693,0.346,0.3093,11.816,358,,,0.15
reference,BBS11006.xml,ref,ClustalW,8,226,0.3918,0.1478,all-columns,0.9782,0.1681,0.3529,1.0,0.3464,0.25,6.2451,215,,,0.03
reference,BBS11007.xml,ref,ClustalW,9,435,0.6238,0.2802,all-columns,0.9357,0.3057,0.5857,0.8891,0.5859,0.83,15.1009,267,,,0.12
reference,BBS11008.xml,ref,ClustalW,4,118,0.5832,0.3802,all-columns,0.9669,0.4831,0.5734,1.0,0.5734,0.1742,7.9691,74,,,0.01
reference,BBS11009.xml,ref,ClustalW,4,90,0.7625,0.5699,all-columns,0.928,0.6222,0.7407,0.8017,0.7402,0.73,4.6725,11,,,0.01
reference,BBS11010.xml,ref,ClustalW,4,184,0.2796,0.0,all-columns,,0.0,0.24,0.4524,0.2406,0.2738,3.7208,170,,,0.01
reference,BBS11011.xml,ref,ClustalW,5,200,0.3001,0.1122,all-columns,0.978,0.175,0.2818,0.9167,0.2759,0.6577,9.5091,174,,,0.01
reference,BBS11012.xml,ref,ClustalW,4,337,0.881,0.7656,all-columns,0.9543,0.8042,0.8759,0.9519,0.876,0.8757,13.4641,46,,,0.03
reference,BBS11013.xml,ref,ClustalW,5,57,0.8194,0.5893,all-columns,0.6371,0.6667,0.8509,0.9733,0.8548,0.6533,2.8008,42,,,0.0
reference,BBS11014.xml,ref,ClustalW,6,531,0.6982,0.4704,all-columns,0.9363,0.4991,0.6745,0.886,0.6737,0.6798,17.2682,200,,,0.11
reference,BBS11015.xml,ref,ClustalW,4,304,0.6493,0.3994,all-columns,0.9007,0.4211,0.6316,0.8158,0.6318,0.6952,8.9228,152,,,0.02
reference,BBS11016.xml,ref,ClustalW,8,360,0.4289,0.1039,all-columns,0.9771,0.1361,0.3929,0.8473,0.3862,0.6039,15.4907,273,,,0.07
reference,BBS11017.xml,ref,ClustalW,4,247,0.6392,0.4139,all-columns,0.9794,0.4818,0.6188,0.8779,0.6175,0.6404,13.9322,101,,,0.02
reference,BBS11018.xml,ref,ClustalW,14,555,0.4243,0.0809,all-columns,0.9507,0.1279,0.3475,0.8904,0.3492,0.2556,16.8197,445,,,0.32
reference,BBS11019.xml,ref,ClustalW,10,381,0.4973,0.0456,all-columns,0.9486,0.0577,0.4427,0.7374,0.4407,0.4821,10.9348,289,,,0.1
reference,BBS11020.xml,ref,ClustalW,9,218,0.659,0.2026,all-columns,0.9123,0.2844,0.6246,0.9057,0.6253,0.6005,10.5046,132,,,0.04
reference,BBS11021.xml,ref,ClustalW,4,102,0.5698,0.3137,all-columns,0.9587,0.3235,0.5131,0.8369,0.5118,0.5638,7.8684,55,,,0.01
reference,BBS11022.xml,ref,ClustalW,4,60,0.8718,0.7,all-columns,0.7704,0.75,0.875,0.9286,0.8762,0.9643,3.0287,18,,,0.0
reference,BBS11023.xml,ref,ClustalW,7,312,0.3365,0.0355,all-columns,0.9695,0.0481,0.2923,0.7411,0.2934,0.6652,11.2952,280,,,0.04
reference,BBS11024.xml,ref,ClustalW,4,324,0.3999,0.1296,all-columns,0.9592,0.1296,0.32,0.7788,0.3167,0.4199,10.9712,272,,,0.03
reference,BBS11025.xml,ref,ClustalW,4,62,0.2713,0.0635,all-columns,0.8667,0.0806,0.2715,0.463,0.2655,0.1667,2.6993,53,,,0.01
reference,BBS11026.xml,ref,ClustalW,7,92,0.4831,0.0714,all-columns,0.9451,0.0978,0.3987,0.6693,0.3941,0.4056,5.6899,65,,,0.01
reference,BBS11027.xml,ref,ClustalW,7,210,0.2923,0.0736,all-columns,0.9988,0.0857,0.2432,0.8299,0.2465,0.4286,11.7624,175,,,0.02
reference,BBS11028.xml,ref,ClustalW,10,99,0.7168,0.4381,all-columns,0.9796,0.5051,0.6655,0.9676,0.6659,0.6778,8.3023,47,,,0.01
reference,BBS11029.xml,ref,ClustalW,4,95,0.5022,0.3556,all-columns,0.9397,0.3579,0.4123,0.8102,0.4113,0.4861,7.1019,59,,,0.01
reference,BBS11030.xml,ref,ClustalW,14,221,0.564,0.0776,all-columns,0.7984,0.1448,0.5071,0.9073,0.5056,0.6074,8.0814,184,,,0.11
reference,BBS11031.xml,ref,ClustalW,11,404,0.4495,0.0412,all-columns,0.5665,0.0891,0.3673,0.5976,0.3702,0.4448,2.6812,389,,,0.14
reference,BBS11032.xml,ref,ClustalW,8,256,0.6398,0.1836,all-columns,0.8785,0.2344,0.6035,0.8857,0.6039,0.6005,8.7705,175,,,0.04
reference,BBS11033.xml,ref,ClustalW,11,117,0.5397,0.0,all-columns,0.5575,0.0342,0.4309,0.8354,0.4372,0.3426,5.622,98,,,0.01
reference,BBS11034.xml,ref,ClustalW,8,365,0.3854,0.0835,all-columns,0.9937,0.1233,0.362,0.9017,0.3627,0.5207,15.3149,296,,,0.07
reference,BBS11035.xml,ref,ClustalW,5,96,0.4347,0.2151,all-columns,0.9876,0.2604,0.3906,0.9727,0.3923,0.7045,8.2809,74,,,0.01
reference,BBS11036.xml,ref,ClustalW,8,382,0.4688,0.0702,all-columns,0.8865,0.0759,0.3791,0.864,0.3782,0.579,10.8642,335,,,0.07
reference,BBS11037.xml,ref,ClustalW,5,390,0.4083,0.1148,all-columns,0.8923,0.141,0.3801,0.8248,0.3841,0.0118,9.849,339,,,0.04
reference,BBS11038.xml,ref,ClustalW,8,309,0.7399,0.3642,all-columns,0.9528,0.4175,0.6298,0.9255,0.6315,0.7355,12.5659,159,,,0.05
reference,BB12001.xml,ref,ClustalW,11,537,0.7191,0.3868,all-columns,0.9044,0.4451,0.6345,0.8933,0.6344,0.7422,16.8805,246,,,0.23
reference,BB12002.xml,ref,ClustalW,6,218,0.8779,0.7222,all-columns,0.9023,0.7385,0.8624,0.9162,0.8623,0.8927,10.0102,18,,,0.02
reference,BB12003.xml,ref,ClustalW,8,92,0.7818,0.3626,all-columns,0.8957,0.5435,0.7393,0.8615,0.74,0.7942,7.1214,20,,,0.01
reference,BB12004.xml,ref,ClustalW,15,267,0.8328,0.4474,all-columns,0.9084,0.5019,0.8267,0.9209,0.8261,0.8414,12.4748,66,,,0.12
reference,BB12005.xml,ref,ClustalW,9,238,0.8608,0.4641,all-columns,0.8007,0.5378,0.7909,0.8167,0.7907,0.8686,2.7174,54,,,0.04
reference,BB12006.xml,ref,ClustalW,4,238,0.8845,0.8025,all-columns,0.9853,0.8487,0.8824,0.9923,0.8821,0.8741,12.5946,42,,,0.01
reference,BB12007.xml,ref,ClustalW,8,1103,0.8281,0.5378,all-columns,0.9556,0.5775,0.7659,0.9087,0.7663,0.8498,25.2333,316,,,0.66
reference,BB12008.xml,ref,ClustalW,13,632,0.8669,0.5034,all-columns,0.7616,0.481,0.6066,0.8002,0.6055,0.8841,14.039,250,,,0.27
reference,BB12009.xml,ref,ClustalW,5,99,0.8883,0.6633,all-columns,0.8108,0.6667,0.77,0.8676,0.7719,0.9103,4.0511,31,,,0.01
reference,BB12010.xml,ref,ClustalW,7,377,0.8584,0.6174,all-columns,0.8946,0.6897,0.8287,0.9028,0.8289,0.8654,11.0995,69,,,0.06
reference,BB12011.xml,ref,ClustalW,12,1233,0.6902,0.4271,all-columns,0.9574,0.4996,0.7032,0.9167,0.7038,0.6323,25.9351,454,,,1.04
reference,BB12012.xml,ref,ClustalW,4,353,0.5014,0.2746,all-columns,0.9889,0.2833,0.4415,0.7692,0.4414,0.7051,16.7368,184,,,0.03
reference,BB12013.xml,ref,ClustalW,8,776,0.8615,0.6675,all-columns,0.9077,0.7178,0.8401,0.9379,0.8401,0.9099,18.5828,172,,,0.33
reference,BB12014.xml,ref,ClustalW,9,148,0.8465,0.3581,all-columns,0.9984,0.3581,0.4263,0.9599,0.4283,0.9599,11.0873,91,,,0.01
reference,BB12015.xml,ref,ClustalW,12,411,0.5782,0.2013,all-columns,0.4483,0.2409,0.3975,0.4122,0.3988,0.5523,0.3175,340,,,0.05
reference,BB12016.xml,ref,ClustalW,5,953,0.8012,0.8015,all-columns,0.9029,0.8017,0.8208,0.9279,0.8208,0.7915,15.281,230,,,0.08
reference,BB12017.xml,ref,ClustalW,7,507,0.8663,0.635,all-columns,0.9245,0.6943,0.8267,0.9354,0.8271,0.8724,15.0433,123,,,0.12
reference,BB12018.xml,ref,ClustalW,4,830,0.9198,0.8187,all-columns,0.9728,0.8446,0.888,0.9606,0.888,0.9365,19.0769,106,,,0.15
reference,BB12019.xml,ref,ClustalW,5,798,0.6898,0.4905,all-columns,0.9026,0.5213,0.5967,0.7487,0.5966,0.7718,15.7798,203,,,0.16
reference,BB12020.xml,ref,ClustalW,4,130,0.8237,0.6929,all-columns,0.9399,0.7077,0.809,0.9043,0.8107,0.8256,7.1302,22,,,0.01
reference,BB12021.xml,ref,ClustalW,6,82,0.8742,0.6914,all-columns,0.9415,0.7439,0.85,0.957,0.8496,0.8935,5.8287,20,,,0.01
reference,BB12022.xml,ref,ClustalW,5,461,0.6117,0.4004,all-columns,0.8728,0.4469,0.5247,0.7548,0.5251,0.3718,10.7127,222,,,0.02
reference,BB12023.xml,ref,ClustalW,5,763,0.8229,0.624,all-columns,0.901,0.692,0.7989,0.9109,0.7992,0.8466,16.9056,203,,,0.15
reference,BB12024.xml,ref,ClustalW,4,250,0.8796,0.7366,all-columns,0.9361,0.772,0.858,0.9362,0.8586,0.8923,9.9934,41,,,0.02
reference,BB12025.xml,ref,ClustalW,4,218,0.2825,0.0,all-columns,0.9998,0.1239,0.2875,0.7741,0.2889,0.2037,11.655,173,,,0.01
reference,BB12026.xml,ref,ClustalW,18,287,0.8303,0.4724,all-columns,0.9213,0.5366,0.8041,0.9314,0.8042,0.8857,11.5963,82,,,0.18
reference,BB12027.xml,ref,ClustalW,13,531,0.8073,0.355,all-columns,0.9521,0.452,0.753,0.9085,0.7528,0.8413,18.1931,158,,,0.31
reference,BB12028.xml,ref,ClustalW,8,381,0.6464,0.2107,all-columns,0.977,0.2651,0.4332,0.8346,0.4318,0.7044,14.96,219,,,0.07
reference,BB12029.xml,ref,ClustalW,12,529,0.7942,0.4264,all-columns,0.9529,0.4934,0.7255,0.8844,0.7255,0.8357,18.4076,148,,,0.25
reference,BB12030.xml,ref,ClustalW,6,1072,0.6634,0.3464,all-columns,0.8688,0.3759,0.539,0.7741,0.5383,0.6495,19.1779,534,,,0.26
reference,BB12031.xml,ref,ClustalW,10,999,0.7331,0.501,all-columns,0.9481,0.5335,0.6664,0.8976,0.6664,0.7775,25.1821,316,,,0.8
reference,BB12032.xml,ref,ClustalW,9,71,0.7468,0.4429,all-columns,0.9218,0.5634,0.7461,0.9463,0.7447,0.8123,6.6621,30,,,0.01
reference,BB12033.xml,ref,ClustalW,7,607,0.5716,0.2377,all-columns,0.936,0.2834,0.4306,0.8899,0.4286,0.6324,17.1122,447,,,0.1
reference,BB12034.xml,ref,ClustalW,4,279,0.8911,0.787,all-columns,0.8394,0.8065,0.8775,0.8999,0.8776,0.8762,6.3219,11,,,0.02
reference,BB12035.xml,ref,ClustalW,27,344,0.7721,0.3458,all-columns,0.8129,0.436,0.686,0.9247,0.6868,0.8582,11.8506,160,,,0.35
reference,BB12036.xml,ref,ClustalW,7,233,0.8952,0.7617,all-columns,0.9357,0.7983,0.8953,0.9633,0.8949,0.8922,11.0577,36,,,0.03
reference,BB12038.xml,ref,ClustalW,10,398,0.7679,0.3159,all-columns,0.9533,0.3317,0.5446,0.8795,0.5444,0.8653,15.0853,207,,,0.27
reference,BB12039.xml,ref,ClustalW,11,101,0.6692,0.1275,all-columns,0.9253,0.1386,0.4784,0.7753,0.4763,0.7729,7.1518,55,,,0.02
reference,BB12040.xml,ref,ClustalW,5,152,0.9469,0.8658,all-columns,0.8743,0.9276,0.9509,0.9825,0.9502,0.9424,4.5508,34,,,0.01
reference,BB12041.xml,ref,ClustalW,7,127,0.6064,0.2481,all-columns,0.8026,0.3937,0.5953,0.805,0.5932,0.5918,6.3558,64,,,0.01
reference,BB12042.xml,ref,ClustalW,4,501,0.5563,0.3482,all-columns,0.9552,0.3812,0.5269,0.8926,0.5277,0.5711,18.7758,276,,,0.06
reference,BB12043.xml,ref,ClustalW,34,706,0.7357,0.1453,all-columns,0.7791,0.1827,0.3601,0.6624,0.3572,0.7445,17.3549,429,,,0.81
reference,BB12044.xml,ref,ClustalW,11,657,0.8231,0.4666,all-columns,0.9302,0.5388,0.7573,0.8827,0.7579,0.8594,16.4227,170,,,0.36
reference,BBS12001.xml,ref,ClustalW,11,496,0.7336,0.4167,all-columns,0.9301,0.4879,0.6719,0.8983,0.6719,0.742,16.4976,200,,,0.21
reference,BBS12002.xml,ref,ClustalW,6,188,0.906,0.7273,all-columns,0.8838,0.75,0.9027,0.9118,0.9026,0.9082,4.7004,4,,,0.02
reference,BBS12003.xml,ref,ClustalW,8,69,0.887,0.6812,all-columns,0.9492,0.8116,0.8927,0.9367,0.8924,0.8843,5.4197,5,,,0.01
reference,BBS12004.xml,ref,ClustalW,15,262,0.8052,0.4225,all-columns,0.9788,0.4466,0.7866,0.8889,0.7861,0.8084,12.4378,60,,,0.12
reference,BBS12005.xml,ref,ClustalW,9,206,0.8597,0.5694,all-columns,0.9208,0.6553,0.858,0.8957,0.8578,0.866,6.4026,26,,,0.04
reference,BBS12006.xml,ref,ClustalW,4,233,0.8835,0.7983,all-columns,0.9911,0.8455,0.8798,0.9924,0.8793,0.8748,14.3919,36,,,0.01
reference,BBS12007.xml,ref,ClustalW,8,1064,0.7867,0.552,all-columns,0.9801,0.5808,0.7332,0.9221,0.7326,0.8156,24.5485,333,,,0.64
reference,BBS12008.xml,ref,ClustalW,13,377,0.9002,0.6349,all-columns,0.9141,0.6817,0.8906,0.9327,0.8903,0.9087,15.3876,31,,,0.22
reference,BBS12009.xml,ref,ClustalW,5,69,0.8988,0.75,all-columns,0.816,0.7681,0.8957,0.9,0.8958,0.9088,1.3564,1,,,0.01
reference,BBS12010.xml,ref,ClustalW,7,331,0.8644,0.6536,all-columns,0.9585,0.7281,0.8503,0.9137,0.8506,0.8623,13.4283,34,,,0.05
reference,BBS12011.xml,ref,ClustalW,12,646,0.714,0.3717,all-columns,0.9538,0.4211,0.6864,0.9235,0.6862,0.7358,21.1234,296,,,0.44
reference,BBS12012.xml,ref,ClustalW,4,320,0.5333,0.324,all-columns,0.9729,0.3594,0.5104,0.8087,0.5076,0.7288,13.898,151,,,0.02
reference,BBS12013.xml,ref,ClustalW,8,709,0.9158,0.7368,all-columns,0.958,0.7602,0.8896,0.9372,0.8898,0.9252,18.4434,54,,,0.3
reference,BBS12014.xml,ref,ClustalW,9,49,1.0,1.0,all-columns,,1.0,1.0,1.0,,,,0,,,0.01
reference,BBS12015.xml,ref,ClustalW,12,149,0.8772,0.6443,all-columns,0.9961,0.7517,0.8341,0.9842,0.8341,0.8992,11.6874,32,,,0.02
reference,BBS12016.xml,ref,ClustalW,5,105,0.8471,0.7143,all-columns,0.8191,0.7143,0.8448,0.8659,0.8445,0.8545,2.0074,17,,,0.01
reference,BBS12017.xml,ref,ClustalW,7,485,0.8589,0.641,all-columns,0.9411,0.6907,0.82,0.9317,0.8198,0.9028,16.3407,98,,,0.11
reference,BBS12018.xml,ref,ClustalW,4,809,0.9263,0.8377,all-columns,0.9776,0.8677,0.9141,0.9597,0.9142,0.9254,17.8135,65,,,0.14
reference,BBS12019.xml,ref,ClustalW,5,544,0.8676,0.7217,all-columns,0.8667,0.7408,0.8506,0.877,0.8505,0.8661,10.0586,29,,,0.09
reference,BBS12020.xml,ref,ClustalW,4,125,0.8345,0.7154,all-columns,0.9454,0.728,0.8253,0.9239,0.8256,0.8269,7.9066,22,,,0.01
reference,BBS12021.xml,ref,ClustalW,6,77,0.8766,0.7013,all-columns,0.9256,0.7662,0.8684,0.9244,0.8686,0.8925,4.8541,10,,,0.01
reference,BBS12022.xml,ref,ClustalW,5,85,0.8951,0.7619,all-columns,0.8924,0.8353,0.9035,0.9468,0.9035,0.9,6.2257,8,,,0.01
reference,BBS12023.xml,ref,ClustalW,5,741,0.8354,0.6389,all-columns,0.9251,0.7099,0.8174,0.9127,0.8169,0.8377,17.6516,162,,,0.14
reference,BBS12024.xml,ref,ClustalW,4,241,0.909,0.7824,all-columns,0.9146,0.834,0.9004,0.9302,0.9005,0.8979,7.2364,19,,,0.02
reference,BBS12025.xml,ref,ClustalW,4,122,0.607,0.4167,all-columns,0.9806,0.4836,0.6025,0.8826,0.605,0.7183,8.9309,51,,,0.01
reference,BBS12026.xml,ref,ClustalW,18,269,0.8328,0.4704,all-columns,0.9564,0.5167,0.8159,0.918,0.8162,0.865,14.3863,49,,,0.16
reference,BBS12027.xml,ref,ClustalW,13,215,0.9053,0.5853,all-columns,0.812,0.6698,0.8921,0.9371,0.8921,0.9082,11.6461,16,,,0.08
reference,BBS12028.xml,ref,ClustalW,8,255,0.7913,0.5096,all-columns,0.9136,0.5804,0.7054,0.9064,0.7046,0.8019,12.3113,79,,,0.04
reference,BBS12029.xml,ref,ClustalW,12,302,0.9383,0.7559,all-columns,0.9791,0.8179,0.9142,0.9503,0.9139,0.917,12.3961,18,,,0.1
reference,BBS12030.xml,ref,ClustalW,6,239,0.9402,0.8542,all-columns,0.9415,0.8745,0.9377,0.9503,0.9376,0.9385,8.0463,5,,,0.03
reference,BBS12031.xml,ref,ClustalW,10,992,0.7311,0.4917,all-columns,0.9603,0.5242,0.6639,0.8954,0.6648,0.7754,29.6323,305,,,0.8
reference,BBS12032.xml,ref,ClustalW,9,70,0.7755,0.5072,all-columns,0.932,0.6,0.7699,0.9676,0.7705,0.8112,6.7625,26,,,0.01
reference,BBS12033.xml,ref,ClustalW,7,335,0.7062,0.4123,all-columns,0.9512,0.5045,0.6586,0.9078,0.6567,0.7153,11.9863,153,,,0.05
reference,BBS12034.xml,ref,ClustalW,4,275,0.8908,0.7839,all-columns,0.863,0.8036,0.8758,0.8987,0.8759,0.8849,7.7527,10,,,0.02
reference,BBS12035.xml,ref,ClustalW,27,256,0.8068,0.3811,all-columns,0.9416,0.4844,0.7782,0.9098,0.7776,0.8569,11.3769,78,,,0.26
reference,BBS12036.xml,ref,ClustalW,7,217,0.9643,0.894,all-columns,0.9324,0.9217,0.9632,0.984,0.9631,0.9672,11.4337,9,,,0.03
reference,BBS12037.xml,ref,ClustalW,13,540,0.7595,0.413,all-columns,0.8843,0.4759,0.694,0.9057,0.6944,0.7826,17.097,199,,,0.35
reference,BBS12038.xml,ref,ClustalW,10,271,0.7487,0.3407,all-columns,0.9175,0.3985,0.7274,0.8602,0.7273,0.7988,12.4198,86,,,0.06
reference,BBS12039.xml,ref,ClustalW,11,85,0.8541,0.369,all-columns,0.8615,0.4353,0.7571,0.8712,0.7583,0.8637,5.9462,26,,,0.01
reference,BBS12040.xml,ref,ClustalW,5,134,0.9324,0.8134,all-columns,0.9548,0.8507,0.8826,0.9574,0.8828,0.9498,6.0976,23,,,0.01
reference,BBS12041.xml,ref,ClustalW,7,119,0.6404,0.3051,all-columns,0.9569,0.395,0.615,0.8522,0.6146,0.7105,8.1377,56,,,0.01
reference,BBS12042.xml,ref,ClustalW,4,495,0.5642,0.3681,all-columns,0.9144,0.4182,0.5512,0.8718,0.553,0.5695,16.8134,248,,,0.05
reference,BBS12043.xml,ref,ClustalW,34,276,0.7776,0.3617,all-columns,0.9194,0.4565,0.7415,0.9599,0.7406,0.8576,14.6446,105,,,0.5
reference,BBS12044.xml,ref,ClustalW,11,639,0.8313,0.4747,all-columns,0.9326,0.5462,0.7698,0.881,0.7699,0.8587,17.8659,148,,,0.34
